rank,symbol,name,data_date,market_cap,price,ma200,diff,rsi,per,pbr,peak,peak_diff
1,005930,삼성전자,2026-06-05,19234256,329000.0,150245.0,118.97567306732337,58.8235294117603,🔵 초저평가 (5.8),-,"360,500원",🔵 -8.74%
2,000660,SK하이닉스,2026-06-05,14752938,2070000.0,809287.5,155.7805477039989,54.24448217317423,🔵 초저평가 (5.4),-,"2,363,000원",🔵 -12.40%
3,005935,삼성전자우,2026-06-05,1693003,211000.0,107646.5,96.01194651010483,58.24594852239452,🔵 초저평가 (4.0),-,"231,500원",🔵 -8.86%
4,402340,SK스퀘어,2026-06-05,1660036,1258000.0,470932.0,167.12986163607485,56.31349782293064,🔵 초저평가 (3.8),-,"1,361,000원",🔵 -7.57%
5,005380,현대차,2026-06-05,1433304,700000.0,392562.5,78.31555484795415,48.39572192513187,🟢 적정 (14.1),-,"750,000원",🔵 -6.67%
6,009150,삼성전기,2026-06-05,1312368,1757000.0,420075.5,318.2581464522449,71.93297426690545,🔴 초고평가 (60.4),-,"2,127,000원",🔵 -17.40%
7,373220,LG에너지솔루션,2026-06-05,968760,414000.0,406640.0,1.809954751131222,43.396226415091476,🔴 초고평가 (48.1),-,"514,000원",🔵 -19.46%
8,032830,삼성생명,2026-06-05,825000,412500.0,196708.5,109.70115678783581,64.0545144804058,🟡 고평가 (20.3),-,"480,000원",🔵 -14.06%
9,028260,삼성물산,2026-06-05,746781,460500.0,265666.0,73.33795065985109,52.58019525801747,🟡 고평가 (25.5),-,"535,000원",🔵 -13.93%
10,329180,HD현대중공업,2026-06-05,696942,664000.0,557870.0,19.02414541022102,48.929663608560595,🟢 적정 (19.7),-,"745,000원",🔵 -10.87%
11,105560,KB금융,2026-06-05,639811,171600.0,134676.5,27.416438651138098,67.41071428569322,🔵 초저평가 (9.1),-,"171,600원",⚫ 0.00%
12,012330,현대모비스,2026-06-05,632406,697000.0,393245.0,77.24319444621037,54.78615071282939,🟢 적정 (13.1),-,"768,000원",🔵 -9.24%
13,000270,기아,2026-06-05,628955,161100.0,135581.5,18.821520635189902,37.78735632183148,🔵 초저평가 (6.8),-,"206,000원",🔵 -21.80%
14,207940,삼성바이오로직스,2026-06-05,620298,1340000.0,1621968.8,-17.38435412567739,32.587859424918676,🟡 고평가 (27.8),-,"1,965,000원",🔵 -31.81%
15,034020,두산에너빌리티,2026-06-05,612376,95600.0,87708.5,8.997417582104356,28.194726166320592,🔴 초고평가 (94.7),-,"136,400원",🔵 -29.91%
16,012450,한화에어로스페이스,2026-06-05,540900,1049000.0,1128515.0,-7.045985210652937,19.621749408982808,🟢 적정 (18.7),-,"1,537,000원",🔵 -31.75%
17,055550,신한지주,2026-06-05,510253,107500.0,83088.0,29.380897361833235,67.31391585757467,🔵 초저평가 (8.3),-,"107,500원",⚫ 0.00%
18,066570,LG전자,2026-06-05,493540,303000.0,111905.0,170.76538135025245,60.436893203881446,🟢 적정 (19.5),-,"392,500원",🔵 -22.80%
