yf_symbol,symbol,name,market_cap,listing_department,products,krx_market,security_group,krx_source,price,ma20,ma60,ma120,ma200,diff,peak,peak_diff,rsi,return_20d,return_60d,price_source,price_basis,price_time,after_market_price,after_market_change_pct,eps_growth,hist_per_avg,foreign_supply,per,pbr,roe,debt_ratio,revenue_growth,operating_growth,eps_cagr,eps3y,revenue,operating_income,net_income,operating_margin,net_margin,operating_cashflow,free_cashflow,cash,total_debt,net_cash,dividend_yield,payout_ratio,dividend_per_share,dividend_total,dividend_source,dividend_growth_3y,dividend_consecutive_years,dividend_cut_flag,dividend_history_years,dividend_history_source,analyst_buy_ratio,analyst_opinion_score,analyst_opinion_count,consensus_revision,target_mean,target_high,target_low,target_upside,earnings_surprise_pct,finnhub_source,consensus_source,cashflow_status,financial_currency,fundamental_refreshed_at,dart_year,dart_fs_div,dart_report_code,dart_source,cagr,dividend_year,dividend_report_code,peer_group_count,peer_per_count,peer_pbr_count,peer_roe_count,peg,peer_per_avg,peer_pbr_avg,peer_roe_avg,peer_per_gap,peer_pbr_gap,sector,industry,data_date,us_10y_bond,score_per,score_pbr,score_roe,score_peg,score_cagr,score_eps3y,score_rsi,score_peak_diff,score,grade,rank
005930.KS,005930,삼성전자,16457274,,"통신 및 방송 장비 제조(무선) 제품, 반도체 제조(메모리) 제품, 전자부품 제조(디스플레이) 제품, 영상 및 음향기기 제조(영상기기) 제품 등",KOSPI,주권,KRX,270000.0,246225.0,288858.3333333333,253970.83333333334,204022.5,32.33834503547403,362500.0,-25.517241379310345,56.24999999999481,0.0,-9.7,nxt_web_latest,NXT 체결가,2026-08-21 20:53 KST,,,32.61,21.95,46.86,6.0,3.27,10.85,29.94,10.88,33.23,75.51,2131 -> 4950 -> 6564,3336059.0,436010.0,452068.0,13.07,13.55,853151.48,331619.99,578563.78,1306217.73,-727653.95,0.62,25.1,1668.0,111079.06,OpenDART,4.92,5.0,False,5.0,OpenDART,,4.04,,,491875.0,,,82.18,,,Naver/FnGuide,,KRW,2026-08-21,2025.0,CFS,11011,OpenDART,75.51,2025.0,11011,2,1,1,1,0.18,,,,,,통신 및 방송 장비 제조업,통신 및 방송 장비 제조업,2026-08-21,4.25,15,0,12,20,15,10,3,5,80,A,1
000660.KS,000660,SK하이닉스,12637517,,"반도체,컴퓨터,통신기기 제조,도매",KOSPI,주권,KRX,1761000.0,1573250.0,2043283.3333333333,1631925.0,1252240.0,40.62799463361656,2919000.0,-39.67112024665981,50.5291005290999,-8.23,-14.18,nxt_web_latest,NXT 체결가,2026-08-21 20:53 KST,,,116.89,8.72,50.74,4.0,6.48,44.15,45.95,46.76,101.16,,27182 -> 58955,971467.0,472063.0,429479.0,48.59,44.21,533731.26,247937.83,149237.66,554409.08,-405171.42,0.17,4.9,3000.0,20951.33,OpenDART,35.72,5.0,True,5.0,OpenDART,,4.0,,,3317917.0,,,88.41,,,Naver/FnGuide,,KRW,2026-08-12,2025.0,CFS,11011.0,OpenDART,,2025.0,11011.0,1,0,0,0,0.03,,,,,,반도체 제조업,반도체 제조업,2026-08-21,4.25,15,0,20,20,0,10,5,5,75,A,2
005935.KS,005935,삼성전자우,1660908,,,KOSPI,주권,KRX,207000.0,178645.0,195035.0,172512.5,141704.5,46.07863547029205,235000.0,-11.914893617021278,56.86106346483022,8.32,10.58,daily_close,NXT 미확인,2026-08-21 20:57 KST,,,32.61,21.95,46.8,4.0,2.62,10.85,29.94,10.88,33.23,75.51,2131 -> 4950 -> 6564,3336059.0,436010.0,452068.0,13.07,13.55,,,,,,,,,,,,,,,,,4.04,,,491875.0,,,137.62,,,Naver/FnGuide,,,2026-08-18,,,,,75.51,,,2,1,1,1,0.12,,,,,,,,2026-08-21,4.25,15,3,12,20,15,10,3,5,83,A,3
402340.KS,402340,SK스퀘어,1481506,,지주회사,KOSPI,주권,KRX,1120000.0,1025200.0,1295466.6666666667,1015083.3333333334,763987.5,46.59925718679952,1970000.0,-43.14720812182741,55.455712451860364,-8.27,-5.17,nxt_web_latest,NXT 체결가,2026-08-21 20:53 KST,,,143.06,4.22,46.29,4.0,4.15,37.82,9.01,77.76,124.39,,27346 -> 66468,104556.0,87974.0,88187.0,84.14,84.34,3872.02,3485.68,13107.18,25213.83,-12106.65,,,,,,,,,,,,4.0,,,1900000.0,,,69.64,,,Naver/FnGuide,,KRW,2026-08-18,2025.0,CFS,11011.0,OpenDART,,,,18,17,17,16,0.03,8.0,0.96,8.82,-50.0,332.29,기타 금융업,기타 금융업,2026-08-21,4.25,15,0,20,20,0,10,3,5,73,A,4
009150.KS,009150,삼성전기,982969,,"수동소자 (MLCC, Inductor, Chip Resistor 등), 모듈(카메라모듈, 통신모듈), 반도체패키지 기판",KOSPI,주권,KRX,1318000.0,1275750.0,1618033.3333333333,1139075.0,791802.5,66.4556502410639,2270000.0,-41.93832599118943,59.04365904365819,-8.98,-16.16,nxt_web_latest,NXT 체결가,2026-08-21 20:53 KST,,,3.96,23.43,38.33,68.0,10.28,7.7,48.98,9.91,24.26,29.21,5450 -> 8752 -> 9099,113145.0,9133.0,7310.0,8.07,6.46,14900.91,2437.67,27012.06,47985.51,-20973.45,0.18,25.2,2350.0,1776.79,OpenDART,3.82,5.0,True,5.0,OpenDART,,4.0,,,2350500.0,,,78.34,,,Naver/FnGuide,,KRW,2026-08-12,2025.0,CFS,11011.0,OpenDART,29.21,2025.0,11011.0,6,5,5,5,17.17,26.0,6.4,6.14,161.54,60.62,전자부품 제조업,전자부품 제조업,2026-08-21,4.25,0,0,6,0,15,2,3,5,31,D,5
005380.KS,005380,현대차,849744,,"자동차(승용차,버스,트럭,특장차),자동차부품,자동차전착도료 제조,차량정비사업",KOSPI,주권,KRX,416000.0,400975.0,499050.0,523320.8333333333,458157.5,-9.201530041525022,750000.0,-44.53333333333334,59.71223021582132,-3.7,-39.62,nxt_web_latest,NXT 체결가,2026-08-21 20:53 KST,,,-23.26,5.89,24.98,11.0,0.9,8.41,188.95,6.29,-19.46,-9.97,43589 -> 46042 -> 35331,1862545.0,114679.0,103648.0,6.16,5.56,-59912.7,-170611.26,183605.66,2411966.12,-2228360.46,2.4,27.7,10000.0,26182.63,OpenDART,12.62,5.0,True,5.0,OpenDART,,4.0,,,722000.0,,,73.56,,,Naver/FnGuide,,KRW,2026-08-12,2025.0,CFS,11011.0,OpenDART,-9.97,2025.0,11011.0,2,1,1,1,,,,,,,자동차용 엔진 및 자동차 제조업,자동차용 엔진 및 자동차 제조업,2026-08-21,4.25,12,8,6,0,0,0,3,5,34,D,6
373220.KS,373220,LG에너지솔루션,803790,,"2차전지 (소형,ESS,자동차전지)",KOSPI,주권,KRX,346500.0,341775.0,362450.0,388075.0,399680.0,-13.305644515612489,514000.0,-32.5875486381323,55.89353612166705,-0.43,-13.27,nxt_web_latest,NXT 체결가,2026-08-21 20:53 KST,,,,80.86,5.52,-218.0,3.75,-5.19,129.0,-7.6,133.94,,-,236718.0,13461.0,808.0,5.69,0.34,44322.77,-65663.98,37793.07,378262.77,-340469.7,,,,,,,,,,,,3.95,,,509526.0,,,47.05,,,Naver/FnGuide,,KRW,2026-08-20,2025.0,CFS,11011.0,OpenDART,,,,3,2,2,2,,,,,,,일차전지 및 이차전지 제조업,일차전지 및 이차전지 제조업,2026-08-21,4.25,0,0,0,0,0,0,3,5,8,D,7
207940.KS,207940,삼성바이오로직스,717972,,바이오의약품,KOSPI,주권,KRX,1548000.0,1530100.0,1418416.6666666667,1480625.0,1590785.0,-2.6895526422489526,1965000.0,-21.22137404580153,57.81990521326822,12.26,8.63,nxt_web_latest,NXT 체결가,2026-08-21 20:53 KST,,,74.57,82.79,13.13,38.0,9.04,19.44,48.44,30.31,56.59,48.49,12051 -> 15221 -> 26572,45570.0,20692.0,17844.0,45.41,39.16,22478.07,7727.33,1488.51,36096.31,-34607.8,,,,,,,,,,,,4.0,,,2011429.0,,,29.94,,,Naver/FnGuide,,KRW,2026-08-12,2025.0,CFS,11011.0,OpenDART,48.49,,,2,1,1,1,0.51,,,,,,기초 의약물질 제조업,기초 의약물질 제조업,2026-08-21,4.25,0,0,16,20,15,10,3,5,69,B,8
032830.KS,032830,삼성생명,657000,,"생명보험,부동산 임대",KOSPI,주권,KRX,311500.0,292750.0,355791.6666666667,303629.1666666667,249634.5,24.782431915460403,497000.0,-37.32394366197183,54.00943396226059,-5.46,-10.49,nxt_web_latest,NXT 체결가,2026-08-21 20:53 KST,,,9.3,9.99,23.4,23.0,0.73,4.96,440.89,9.92,3.23,10.22,9477 -> 10534 -> 11514,371383.0,25805.0,24515.0,6.95,6.6,52562.61,48930.1,45378.33,2858503.83,-2813125.5,,41.3,,9517.46,OpenDART,,0.0,False,0.0,OpenDART,,3.85,,,393538.0,,,26.34,,,Naver/FnGuide,,KRW,2026-08-21,2025.0,CFS,11011,OpenDART,10.22,2025.0,11011,3,2,2,2,2.47,,,,,,보험업,보험업,2026-08-21,4.25,4,10,0,0,8,5,5,5,37,D,9
028260.KS,028260,삼성물산,641372,,"도소매, 건설, 남자용 정장 제조업 등",KOSPI,주권,KRX,376500.0,342225.0,401575.0,360891.6666666667,321390.0,17.147391020255764,535000.0,-29.626168224299064,62.6436781609145,4.58,-8.39,nxt_web_latest,NXT 체결가,2026-08-21 20:53 KST,,,15.35,12.4,30.96,23.0,0.98,6.02,50.5,-3.23,10.37,9.45,11824 -> 12280 -> 14165,407422.0,32927.0,39067.0,8.08,9.59,5717.21,4113.35,9709.18,199334.7,-189625.52,0.74,18.8,2800.0,4582.52,OpenDART,6.78,4.0,True,4.0,OpenDART,,4.0,,,496667.0,,,31.92,,,Naver/FnGuide,,KRW,2026-08-20,2025.0,OFS,11011.0,OpenDART,9.45,2025.0,11011.0,1,0,0,0,1.5,,,,,,기타 전문 도매업,기타 전문 도매업,2026-08-21,4.25,4,8,6,10,8,8,3,5,52,C,10
105560.KS,105560,KB금융,582751,,-,KOSPI,주권,KRX,163300.0,168085.0,165405.0,159594.16666666666,148771.5,9.765647318202747,186200.0,-12.298603651987111,43.786982248502575,-7.37,3.81,nxt_web_latest,NXT 체결가,2026-08-21 20:53 KST,,,18.98,6.51,79.31,9.0,0.96,9.98,1211.73,-4.52,5.87,15.41,11349 -> 12705 -> 15116,812307.0,85177.0,58407.0,10.49,7.19,37657.85,37625.36,9745.82,59179.04,-49433.22,2.67,27.0,4367.0,15777.74,OpenDART,14.1,0.0,False,2.0,OpenDART,,4.0,,,224889.0,,,37.72,,,Naver/FnGuide,,KRW,2026-08-20,2025.0,OFS,11011.0,OpenDART,15.41,2025.0,11011.0,18,17,17,16,0.47,8.0,1.03,8.82,12.5,-6.8,기타 금융업,기타 금융업,2026-08-21,4.25,12,8,6,20,12,8,5,5,76,A,11
012450.KS,012450,한화에어로스페이스,559462,,"항공기엔진,특수방산장비 제조/정비사업",KOSPI,주권,KRX,1086000.0,1037600.0,1049250.0,1215275.0,1148505.0,-5.4422923713871505,1537000.0,-29.34287573194535,65.61338289962654,13.36,-13.19,nxt_web_latest,NXT 체결가,2026-08-21 20:53 KST,,,-38.13,15.96,45.64,26.0,6.08,19.14,221.38,137.57,78.38,34.11,15886 -> 46183 -> 28573,267029.0,30893.0,22020.0,11.57,8.25,40498.05,20557.23,77133.55,371654.85,-294521.3,0.64,25.63,7000.0,3601.42,OpenDART,91.29,4.0,False,4.0,OpenDART,,4.0,,,1632222.0,,,50.3,,,Naver/FnGuide,,KRW,2026-08-19,2025.0,CFS,11011.0,OpenDART,34.11,2025.0,11011.0,2,1,1,1,,,,,,,"항공기,우주선 및 부품 제조업","항공기,우주선 및 부품 제조업",2026-08-21,4.25,0,0,16,0,15,0,1,5,37,D,12
000270.KS,000270,기아,511050,,"승용차,중대형버스,트럭,민수특수차량,군수차량 제조,판매,정비",KOSPI,주권,KRX,131200.0,131660.0,145895.0,153564.16666666666,145629.0,-9.908054027700526,206000.0,-36.310679611650485,48.18840579707701,-12.42,-21.44,nxt_web_latest,NXT 체결가,2026-08-21 20:53 KST,,,-21.72,5.03,39.32,6.0,0.83,12.92,61.76,6.23,-28.33,-6.31,21770 -> 24413 -> 19111,1141409.0,90781.0,75542.0,7.95,6.62,90541.4,40610.71,139981.06,377885.91,-237904.85,5.18,34.9,6800.0,26424.99,OpenDART,24.78,0.0,False,3.0,OpenDART,,4.0,,,217800.0,,,66.01,,,Naver/FnGuide,,KRW,2026-08-20,2025.0,CFS,11011.0,OpenDART,-6.31,2025.0,11011.0,2,1,1,1,,,,,,,자동차용 엔진 및 자동차 제조업,자동차용 엔진 및 자동차 제조업,2026-08-21,4.25,15,8,12,0,0,0,5,5,45,C,13
055550.KS,055550,신한지주,488697,,금융지주회사,KOSPI,주권,KRX,103900.0,104075.0,102126.66666666667,98698.33333333333,92015.0,12.916372330598271,110000.0,-5.545454545454546,55.82191780819242,0.1,8.23,nxt_web_latest,NXT 체결가,2026-08-21 20:53 KST,,,15.39,5.95,62.2,8.0,0.83,8.72,1201.94,-12.67,8.74,9.58,8398 -> 8740 -> 10085,646820.0,70234.0,50845.0,10.86,7.86,97308.81,90892.48,352951.23,7256411.61,-6903460.38,2.49,25.06,2590.0,12457.3,OpenDART,7.84,5.0,False,5.0,OpenDART,,4.0,,,137000.0,,,31.86,,,Naver/FnGuide,,KRW,2026-08-12,2025.0,CFS,11011.0,OpenDART,9.58,2025.0,11011.0,18,17,17,16,0.52,8.0,1.03,9.04,0.0,-19.42,기타 금융업,기타 금융업,2026-08-21,4.25,15,8,6,20,8,8,3,0,68,B,14
329180.KS,329180,HD현대중공업,475474,,"선박, 해양플랜트 및 엔진기계 등",KOSPI,주권,KRX,455500.0,484525.0,558391.6666666666,568641.6666666666,566910.0,-19.65214937115239,745000.0,-38.85906040268456,42.553191489358525,-8.53,-38.86,nxt_web_latest,NXT 체결가,2026-08-21 20:53 KST,,,124.28,179.12,13.83,15.0,4.89,18.82,180.07,21.36,188.93,651.55,278 -> 7001 -> 15702,175806.0,20375.0,14155.0,11.59,8.05,35103.92,29689.02,18699.18,168214.24,-149515.06,1.24,40.0,5661.0,5670.22,OpenDART,170.86,2.0,False,2.0,OpenDART,,4.0,,,874105.0,,,91.9,,,Naver/FnGuide,,KRW,2026-08-21,2025.0,CFS,11011,OpenDART,651.55,2025.0,11011,3,2,2,2,0.12,,,,,,선박 및 보트 건조업,선박 및 보트 건조업,2026-08-21,4.25,8,0,16,20,15,10,5,5,79,A,15
034020.KS,034020,두산에너빌리티,469531,,"기관,터어빈,선박용엔진,주단조품,제강제품 제조/종합건설",KOSPI,주권,KRX,73400.0,73595.0,82998.33333333333,95589.16666666667,91230.5,-19.544450594921656,136400.0,-46.18768328445748,60.33333333330518,0.27,-34.81,nxt_web_latest,NXT 체결가,2026-08-21 20:53 KST,,,-24.14,284.35,24.0,149.0,5.84,1.11,129.1,5.08,-25.05,23.18,87 -> 174 -> 132,170579.0,7627.0,2052.0,4.47,1.2,7518.01,536.28,30809.97,155038.53,-124228.56,,,,,,,,,,,,4.0,,,129375.0,,,76.26,,,Naver/FnGuide,,KRW,2026-08-21,2025.0,CFS,11011,OpenDART,23.18,,,1,0,0,0,,,,,,,일반 목적용 기계 제조업,일반 목적용 기계 제조업,2026-08-21,4.25,0,0,0,0,12,0,3,3,18,D,16
012330.KS,012330,현대모비스,450033,,"자동차A/S용 부품,컨테이너,특수중기,산업기계제품 생산,판매,부품모듈화,부품수출사업,환경/플랜트사업,특수중기부문(컨테이너)",KOSPI,주권,KRX,500000.0,491050.0,541150.0,498137.5,448965.0,11.367255799449847,768000.0,-34.89583333333333,55.319148936166094,-4.58,-24.7,nxt_web_latest,NXT 체결가,2026-08-21 20:53 KST,,,-8.74,7.12,37.57,11.0,0.9,7.68,43.05,6.78,9.24,4.5,36340 -> 43480 -> 39682,611181.0,33575.0,36647.0,5.49,6.0,44725.15,29568.58,49223.78,211877.37,-162653.59,1.3,15.9,6500.0,5797.54,OpenDART,17.57,5.0,False,5.0,OpenDART,,4.0,,,737200.0,,,47.44,,,Naver/FnGuide,,KRW,2026-08-19,2025.0,CFS,11011.0,OpenDART,4.5,2025.0,11011.0,1,0,0,0,,,,,,,자동차 신품 부품 제조업,자동차 신품 부품 제조업,2026-08-21,4.25,12,8,6,0,4,0,3,5,38,D,17
068270.KS,068270,셀트리온,447322,,"램시마, 트룩시마, 허쥬마",KOSPI,주권,KRX,192200.0,191775.0,179874.63333333333,186074.25,187630.795,2.4352105953609517,236861.0,-18.855362427752986,55.49019607841614,11.61,3.41,nxt_web_latest,NXT 체결가,2026-08-21 20:53 KST,,,148.85,65.74,25.53,29.0,2.55,5.94,28.71,17.01,137.5,15.32,3187 -> 1703 -> 4238,41625.0,11685.0,10315.0,28.07,24.78,6460.51,3143.17,11192.06,49823.7,-38631.64,,15.92,,1639.6,OpenDART,-50.0,0.0,True,2.0,OpenDART,,4.0,,,275338.0,,,43.26,,,Naver/FnGuide,,KRW,2026-08-18,2025.0,CFS,11011.0,OpenDART,15.32,2025.0,11011.0,2,1,1,1,0.19,,,,,,기초 의약물질 제조업,기초 의약물질 제조업,2026-08-21,4.25,0,3,6,20,12,10,3,5,59,B,18
034730.KS,034730,SK,424865,,"지주회사, 시스템통합(SI), 정보통신사업 관련 컨설팅,조사용역,정보통신기술 연구개발/정보통신기기,소프트웨어 개발,도매",KOSPI,주권,KRX,588000.0,547175.0,624191.6666666666,514462.5,422035.0,39.32493750518322,858000.0,-31.46853146853147,54.94880546074822,-10.23,-10.37,nxt_web_latest,NXT 체결가,2026-08-21 20:53 KST,,,,11.73,29.92,4.0,1.03,6.35,149.17,-0.56,-24.1,,-,1227033.0,18185.0,35552.0,1.48,2.9,60987.98,-39820.79,252141.32,1278283.33,-1026142.01,1.36,27.6,8000.0,4407.19,OpenDART,16.96,5.0,True,5.0,OpenDART,,4.0,,,849818.0,,,44.53,,,Naver/FnGuide,,KRW,2026-08-19,2025.0,CFS,11011.0,OpenDART,,2025.0,11011.0,18,17,17,16,,8.0,0.96,9.04,-50.0,7.29,기타 금융업,기타 금융업,2026-08-21,4.25,15,8,6,0,0,0,5,5,39,D,19
006400.KS,006400,삼성SDI,385198,,"2차전지, 전자재료 제조 판매",KOSPI,주권,KRX,490500.0,443325.0,483816.6666666667,498462.5,428772.5,14.396329055618073,712000.0,-31.109550561797754,66.53061224489416,5.03,-23.6,nxt_web_latest,NXT 체결가,2026-08-21 20:53 KST,,,-70.17,22.94,26.3,59.0,1.69,-3.15,79.27,-20.04,-574.1,,27788 -> 8288,132667.0,-17224.0,-5849.0,-12.98,-4.41,7923.86,-23367.18,18039.94,186852.25,-168812.31,,,,,,0.0,0.0,True,4.0,OpenDART,,3.95,,,694842.0,,,41.66,,,Naver/FnGuide,,KRW,2026-08-12,2025.0,CFS,11011.0,OpenDART,,,,3,1,2,2,,,,,,,일차전지 및 이차전지 제조업,일차전지 및 이차전지 제조업,2026-08-21,4.25,0,6,0,0,0,0,1,5,12,D,20
086790.KS,086790,하나금융지주,353385,,기타 금융,KOSPI,주권,KRX,128400.0,128395.0,124555.0,120817.5,112142.0,14.497690428207093,136800.0,-6.140350877192982,54.644808743148495,-1.61,7.0,nxt_web_latest,NXT 체결가,2026-08-21 20:53 KST,,,9.62,4.94,68.26,8.0,0.76,9.17,1377.89,-15.53,10.21,10.23,11613 -> 12872 -> 14110,689436.0,53509.0,40366.0,7.76,5.85,-19624.71,-39700.46,365650.97,6289451.22,-5923800.25,3.2,28.0,4105.0,11177.79,OpenDART,7.01,5.0,False,5.0,OpenDART,,4.0,,,164737.0,,,28.3,,,Naver/FnGuide,,KRW,2026-08-12,2025.0,CFS,11011.0,OpenDART,10.23,2025.0,11011.0,18,17,17,16,0.83,8.0,1.03,8.82,0.0,-26.21,기타 금융업,기타 금융업,2026-08-21,4.25,15,10,6,16,8,5,5,0,65,B,21
035420.KS,035420,NAVER,348490,,포털 서비스 및 온라인 광고,KOSPI,주권,KRX,221500.0,215385.0,216290.0,214308.33333333334,230072.5,-3.725999413228439,290500.0,-23.752151462994835,57.52688172042144,0.68,10.75,nxt_web_latest,NXT 체결가,2026-08-21 20:53 KST,,,3.89,24.18,35.17,17.0,1.06,7.36,41.9,12.08,11.56,41.51,6180 -> 11913 -> 12376,120350.0,22081.0,18187.0,18.35,15.11,30958.07,17763.67,59840.19,121314.83,-61474.64,1.19,20.2,2630.0,3935.96,OpenDART,42.23,5.0,True,5.0,OpenDART,,4.0,,,330565.0,,,49.24,,,Naver/FnGuide,,KRW,2026-08-19,2025.0,CFS,11011.0,OpenDART,41.51,2025.0,11011.0,2,1,1,1,4.37,,,,,,"자료처리, 호스팅, 포털 및 기타 인터넷 정보매개 서비스업","자료처리, 호스팅, 포털 및 기타 인터넷 정보매개 서비스업",2026-08-21,4.25,8,8,6,0,15,2,3,5,47,C,22
066570.KS,066570,LG전자,316810,,"이동통신단말기,C-TV,V.C.R.,컴퓨터,완전평면 TV,플라즈마 디스플레이 패널 TV,전자제품(세탁기외),CDMA(코드분할다중접속)이동통신,전자교환기,전송기기",KOSPI,주권,KRX,193500.0,181415.0,208735.0,173397.5,142848.0,35.45866935483871,392500.0,-50.70063694267516,65.11194029849895,3.2,-19.21,nxt_web_latest,NXT 체결가,2026-08-21 20:53 KST,,,161.86,28.06,28.72,16.0,1.44,4.28,140.33,1.68,-27.53,16.18,3942 -> 2032 -> 5321,892009.0,24784.0,12204.0,2.78,1.37,42805.0,3731.2,87698.41,400681.42,-312983.01,0.7,25.4,1350.0,2439.48,OpenDART,24.47,5.0,True,5.0,OpenDART,,4.0,,,230000.0,,,18.86,,,Naver/FnGuide,,KRW,2026-08-12,2025.0,CFS,11011.0,OpenDART,16.18,2025.0,11011.0,2,1,1,1,0.1,,,,,,통신 및 방송 장비 제조업,통신 및 방송 장비 제조업,2026-08-21,4.25,8,6,0,20,12,10,1,3,60,B,23
000810.KS,000810,삼성화재,295119,,"손해보험의 원수,재보험,운용자산의 투자활동",KOSPI,주권,KRX,652000.0,627400.0,639900.0,563537.5,537360.0,21.333928837278545,730000.0,-10.684931506849315,57.923497267755124,2.19,12.22,nxt_web_latest,NXT 체결가,2026-08-21 20:53 KST,,,-0.74,9.42,58.06,14.0,1.11,10.97,352.98,9.36,0.36,6.39,35961 -> 41007 -> 40703,247785.0,26591.0,20203.0,10.73,8.15,34131.66,33305.3,20198.04,751580.1,-731382.06,2.99,41.1,19500.0,8289.49,OpenDART,12.22,5.0,False,5.0,OpenDART,,3.87,,,736667.0,,,12.99,,,Naver/FnGuide,,KRW,2026-08-12,2025.0,CFS,11011.0,OpenDART,6.39,2025.0,11011.0,3,2,2,2,,,,,,,보험업,보험업,2026-08-21,4.25,8,8,12,0,4,0,3,5,40,C,24
010120.KS,010120,LS ELECTRIC,280500,,"고압기기,저압기기,변압기,배전반,PLC,인버터,빌딩설비,공조기,건축배관,자동화기기 제조,동가공",KOSPI,주권,KRX,188100.0,195750.0,214793.33333333334,207527.5,165903.0,13.379504891412452,318500.0,-40.94191522762951,51.167728237784324,-15.84,-34.0,nxt_web_latest,NXT 체결가,2026-08-21 20:53 KST,,,20.11,26.34,18.38,52.0,13.45,14.67,131.48,9.1,9.42,17.98,1373 -> 1591 -> 1911,49658.0,4264.0,2843.0,8.59,5.73,2999.48,903.82,7627.17,28153.81,-20526.64,,31.1,,892.15,OpenDART,,0.0,False,0.0,OpenDART,,4.0,,,297500.0,,,58.16,,,Naver/FnGuide,,KRW,2026-08-21,2025.0,CFS,11011,OpenDART,17.98,2025.0,11011,4,3,3,3,2.59,28.0,11.24,29.21,85.71,19.66,"전동기, 발전기 및 전기 변환 · 공급 · 제어 장치 제조업","전동기, 발전기 및 전기 변환 · 공급 · 제어 장치 제조업",2026-08-21,4.25,0,0,12,0,12,8,5,5,42,C,25
267260.KS,267260,HD현대일렉트릭,258818,,"변압기, 고압차단기, 회전기, 배전반 등",KOSPI,주권,KRX,719000.0,736150.0,880033.3333333334,971800.0,928160.0,-22.534907774521635,1420000.0,-49.36619718309859,55.70469798657455,-17.26,-37.37,nxt_web_latest,NXT 체결가,2026-08-21 20:53 KST,,,46.07,25.65,34.49,28.0,13.02,41.5,134.63,22.79,48.77,68.14,7189 -> 13914 -> 20324,40795.0,9953.0,7318.0,24.4,17.94,9595.73,7176.58,9507.82,27368.8,-17860.98,,34.88,,2555.48,OpenDART,227.11,0.0,False,3.0,OpenDART,,4.0,,,1193929.0,,,66.05,,,Naver/FnGuide,,KRW,2026-08-19,2025.0,CFS,11011.0,OpenDART,68.14,2025.0,11011.0,4,3,3,3,0.61,35.0,11.24,24.41,-20.0,15.84,"전동기, 발전기 및 전기 변환 · 공급 · 제어 장치 제조업","전동기, 발전기 및 전기 변환 · 공급 · 제어 장치 제조업",2026-08-21,4.25,0,0,20,20,15,10,3,3,71,A,26
010130.KS,010130,고려아연,258198,,"연,아연괴 제조,판매",KOSPI,주권,KRX,1250000.0,1117350.0,1136616.6666666667,1365625.0,1379865.0,-9.411427929543832,2115000.0,-40.8983451536643,65.69920844327055,19.85,-13.43,nxt_web_latest,NXT 체결가,2026-08-21 20:53 KST,,,319.09,54.23,27.85,20.0,2.21,8.48,82.36,37.63,70.27,21.41,26127 -> 9190 -> 38514,165879.0,12319.0,7702.0,7.43,4.64,-6282.11,-15712.09,34510.7,92115.02,-57604.32,1.6,52.6,20000.0,4078.65,OpenDART,0.0,5.0,True,5.0,OpenDART,,4.0,,,1564600.0,,,25.17,,,Naver/FnGuide,,KRW,2026-08-12,2025.0,CFS,11011.0,OpenDART,21.41,2025.0,11011.0,1,0,0,0,0.06,,,,,,1차 비철금속 제조업,1차 비철금속 제조업,2026-08-21,4.25,4,3,6,20,12,10,1,5,61,B,27
042660.KS,042660,한화오션,258000,,선박 제조,KOSPI,주권,KRX,84300.0,87550.0,98926.66666666667,112785.83333333333,118638.0,-28.94350882516563,149900.0,-43.762508338892594,48.842592592576764,-6.23,-37.42,nxt_web_latest,NXT 체결가,2026-08-21 20:53 KST,,,135.85,27.59,9.97,14.0,4.05,22.59,226.17,18.63,390.79,131.76,757 -> 1724 -> 4066,127835.0,11676.0,12459.0,9.13,9.75,13146.72,5980.49,7784.71,139659.07,-131874.36,,,,,,,,,,,,4.0,,,141050.0,,,67.32,,,Naver/FnGuide,,KRW,2026-08-12,2025.0,CFS,11011.0,OpenDART,131.76,,,3,2,2,2,0.1,,,,,,선박 및 보트 건조업,선박 및 보트 건조업,2026-08-21,4.25,8,0,20,20,15,10,5,5,83,A,28
298040.KS,298040,효성중공업,253720,,-,KOSPI,주권,KRX,2752000.0,2686000.0,3086100.0,3123608.3333333335,2728650.0,0.8557345207336962,4601000.0,-40.18691588785047,58.85780885780839,-3.98,-28.22,nxt_web_latest,NXT 체결가,2026-08-21 20:53 KST,,,133.52,20.47,26.7,35.0,11.24,24.41,190.31,21.93,106.07,111.72,12438 -> 23876 -> 55755,59685.0,7470.0,5028.0,12.52,8.42,4930.1,3010.24,2167.73,47381.62,-45213.89,0.27,13.4,7500.0,698.38,OpenDART,73.21,3.0,False,3.0,OpenDART,,4.0,,,4235385.0,,,53.9,,,Naver/FnGuide,,KRW,2026-08-12,2025.0,CFS,11011.0,OpenDART,111.72,2025.0,11011.0,4,3,3,3,0.26,28.0,13.02,29.21,25.0,-13.67,"전동기, 발전기 및 전기 변환 · 공급 · 제어 장치 제조업","전동기, 발전기 및 전기 변환 · 공급 · 제어 장치 제조업",2026-08-21,4.25,0,0,20,20,15,10,3,5,73,A,29
009540.KS,009540,HD한국조선해양,246644,,"선박,해양구조물,엔진,펌프 전동기,중전기,중장비 제조/자동창고,물류시스템",KOSPI,주권,KRX,347500.0,376000.0,374975.0,395587.5,408242.5,-14.879024109444755,479500.0,-27.528675703858184,37.05035971222648,-8.79,-21.91,nxt_web_latest,NXT 체결가,2026-08-21 20:53 KST,,,84.96,21.88,33.24,7.0,1.88,17.78,133.86,17.21,172.26,212.72,3133 -> 16565 -> 30639,299332.0,39045.0,29284.0,13.04,9.78,44220.51,34183.5,37420.16,226338.6,-188918.44,3.54,40.11,12300.0,8697.9,OpenDART,141.18,2.0,False,2.0,OpenDART,,4.0,,,568333.0,,,63.55,,,Naver/FnGuide,,KRW,2026-08-20,2025.0,CFS,11011.0,OpenDART,212.72,2025.0,11011.0,18,17,17,16,0.08,8.0,0.96,8.82,-12.5,95.83,기타 금융업,기타 금융업,2026-08-21,4.25,15,3,16,20,15,10,5,5,89,S,30
005490.KS,005490,POSCO홀딩스,245648,,"열연코일,냉연강판,후판,선재,스테인리스 제조",KOSPI,주권,KRX,311000.0,316800.0,336216.6666666667,365500.0,351382.5,-11.492461918279936,535000.0,-41.86915887850468,48.587570621461246,-3.86,-29.64,nxt_web_latest,NXT 체결가,2026-08-21 20:53 KST,,,-38.15,27.33,32.64,14.0,0.43,1.18,68.64,-4.94,-15.94,-36.54,20079 -> 13073 -> 8085,690949.0,18271.0,5044.0,2.64,0.73,45719.1,-16728.84,70498.0,428147.47,-357649.47,3.22,115.0,10000.0,7562.08,OpenDART,-5.9,5.0,True,5.0,OpenDART,,4.0,,,511412.0,,,64.44,,,Naver/FnGuide,,KRW,2026-08-18,2025.0,CFS,11011.0,OpenDART,-36.54,2025.0,11011.0,1,0,0,0,,,,,,,1차 철강 제조업,1차 철강 제조업,2026-08-21,4.25,8,10,0,0,0,0,5,5,28,D,31
316140.KS,316140,우리금융지주,231168,,금융지주,KOSPI,주권,KRX,31550.0,32997.5,31301.666666666668,32195.416666666668,30971.25,1.8686685232271867,40800.0,-22.67156862745098,38.21656050948598,2.1,1.94,nxt_web_latest,NXT 체결가,2026-08-21 20:53 KST,,,1.86,4.73,46.19,7.0,0.61,8.91,1488.67,-10.87,-13.64,11.6,3389 -> 4144 -> 4221,415484.0,36748.0,32275.0,8.84,7.77,136423.91,131352.22,384996.79,5635980.38,-5250983.59,4.31,31.96,1360.0,9984.68,OpenDART,6.37,5.0,True,5.0,OpenDART,,4.0,,,43778.0,,,38.76,,,Naver/FnGuide,,KRW,2026-08-21,2025.0,CFS,11011,OpenDART,11.6,2025.0,11011,18,17,17,16,3.76,8.0,1.03,8.94,-12.5,-40.78,기타 금융업,기타 금융업,2026-08-21,4.25,15,10,6,0,8,2,5,5,51,C,32
017670.KS,017670,SK텔레콤,219515,,"이동전화,무선호출서비스,부가통신",KOSPI,주권,KRX,104200.0,90550.0,93616.66666666667,91128.33333333333,78432.5,32.853090236827846,125200.0,-16.773162939297126,73.31838565020121,4.72,2.06,nxt_web_latest,NXT 체결가,2026-08-21 20:53 KST,,,-67.28,15.89,71.52,16.0,1.41,3.33,132.4,-4.69,-41.14,-38.32,4997 -> 5810 -> 1901,170992.0,10732.0,3751.0,6.28,2.19,39238.47,16005.95,14900.24,171524.91,-156624.67,1.59,86.6,1660.0,3535.51,OpenDART,-20.63,5.0,True,5.0,OpenDART,,3.89,,,119368.0,,,14.56,,,Naver/FnGuide,,KRW,2026-08-21,2025.0,CFS,11011,OpenDART,-38.32,2025.0,11011,3,2,2,2,,,,,,,전기 통신업,전기 통신업,2026-08-21,4.25,8,6,0,0,0,0,1,5,20,D,33
096770.KS,096770,SK이노베이션,210977,,"석유정제,석유화학제품,윤활유제품,아스팔트제품,의약중간체 제조,판매,유전개발,대체에너지사업",KOSPI,주권,KRX,125400.0,119300.0,111018.33333333333,117218.33333333333,115838.0,8.254631468084739,149800.0,-16.288384512683578,66.36155606405197,-5.14,3.04,nxt_web_latest,NXT 체결가,2026-08-21 20:53 KST,,,,53.47,15.07,8.0,0.94,-14.42,190.2,8.11,26.15,,-,802961.0,4487.0,-54364.0,0.56,-6.77,22830.53,-33675.57,160915.52,692169.86,-531254.34,,,,,,-10.7,0.0,True,3.0,OpenDART,,4.0,,,178923.0,,,42.68,,,Naver/FnGuide,,KRW,2026-08-18,2025.0,CFS,11011.0,OpenDART,,,,2,1,1,1,,,,,,,석유 정제품 제조업,석유 정제품 제조업,2026-08-21,4.25,15,8,0,0,0,0,1,5,29,D,34
015760.KS,015760,한국전력,203823,,"전력자원개발,발전,송전,전력용기자재확보",KOSPI,주권,KRX,31850.0,34140.0,36140.833333333336,40485.833333333336,45489.75,-29.984227216021193,67900.0,-53.09278350515464,32.76836158186907,-10.53,-21.26,nxt_web_latest,NXT 체결가,2026-08-21 20:53 KST,,,144.73,3.62,53.2,4.0,0.45,19.4,416.85,4.32,61.28,,5439 -> 13311,974293.0,134906.0,86667.0,13.85,8.9,208801.54,49425.25,22408.11,2056045.13,-2033637.02,4.84,11.6,1542.0,9899.09,OpenDART,623.94,2.0,False,2.0,OpenDART,,4.0,,,55133.0,,,73.1,,,Naver/FnGuide,,KRW,2026-08-12,2025.0,CFS,11011.0,OpenDART,,2025.0,11011.0,1,0,0,0,0.03,,,,,,전기업,전기업,2026-08-21,4.25,15,10,16,20,0,10,3,3,77,A,35
011200.KS,011200,HMM,203739,,"정기,부정기,전용선,콘테이너선,자동차선,LNG선 해운",KOSPI,주권,KRX,21400.0,21215.0,20176.333333333332,20422.583333333332,20388.05,4.9634467249197485,25950.0,-17.533718689788053,55.371900826318154,1.9,5.94,nxt_web_latest,NXT 체결가,2026-08-21 20:53 KST,,,-61.33,8.23,8.49,11.0,0.71,6.9,26.31,-6.91,-58.4,3.39,1829 -> 5055 -> 1955,108914.0,14612.0,18787.0,13.42,17.25,33051.31,17064.29,17607.67,69918.56,-52310.89,3.27,35.15,700.0,6602.66,OpenDART,-16.45,5.0,True,5.0,OpenDART,,3.23,,,24273.0,,,13.43,,,Naver/FnGuide,,KRW,2026-08-21,2025.0,CFS,11011,OpenDART,3.39,2025.0,11011,1,0,0,0,,,,,,,해상 운송업,해상 운송업,2026-08-21,4.25,12,10,6,0,4,0,3,5,40,C,36
042700.KS,042700,한미반도체,203491,,"반도체 후공정장비,반도체금형 제조/부동산 매매,임대",KOSPI,주권,KRX,214500.0,206050.0,244603.33333333334,278451.6666666667,228419.0,-6.093626186963432,409500.0,-47.61904761904761,49.48132780082269,-0.69,-34.8,nxt_web_latest,NXT 체결가,2026-08-21 20:53 KST,,,41.96,44.0,7.96,118.37,32.97,34.76,17.82,3.18,-1.57,-9.81,2745 -> 1573 -> 2233,5767.0,2514.0,2140.0,43.59,37.11,2286.27,1348.92,2762.35,1230.04,1532.31,0.37,35.5,800.0,758.82,OpenDART,58.74,5.0,True,5.0,OpenDART,,4.0,,,380000.0,,,77.16,,,Naver/FnGuide,,KRW,2026-08-19,2025.0,CFS,11011.0,OpenDART,-9.81,2025.0,11011.0,3,2,2,2,2.82,,,,,,특수 목적용 기계 제조업,특수 목적용 기계 제조업,2026-08-21,4.25,0,0,20,0,0,10,5,3,38,D,37
138040.KS,138040,메리츠금융지주,193118,,투자사업,KOSPI,주권,KRX,115300.0,120475.0,113100.0,113159.16666666667,113361.0,1.7104647982992387,146200.0,-21.135430916552668,32.23140495865904,-1.11,8.26,nxt_web_latest,NXT 체결가,2026-08-21 20:53 KST,,,6.73,7.76,14.37,8.0,1.77,22.53,1102.87,16.25,-9.92,10.07,10480 -> 11897 -> 12698,203170.0,28727.0,23501.0,14.14,11.57,-64720.07,-65197.88,31532.99,1241967.76,-1210434.77,,,,,,235.23,0.0,True,3.0,OpenDART,,3.83,,,153333.0,,,32.99,,,Naver/FnGuide,,KRW,2026-08-19,2025.0,CFS,11011.0,OpenDART,10.07,,,18,17,17,16,1.19,8.0,0.96,8.82,0.0,84.38,기타 금융업,기타 금융업,2026-08-21,4.25,15,6,20,10,8,5,3,5,72,A,38
006800.KS,006800,미래에셋증권,193050,,"유가증권매매,유가증권위탁매매,유가증권인수",KOSPI,주권,KRX,34550.0,34957.5,42959.166666666664,55552.058333333334,45882.125,-24.698343853951837,83800.0,-58.7708830548926,49.851632047436325,-11.86,-48.36,nxt_web_latest,NXT 체결가,2026-08-21 20:53 KST,,,76.41,11.79,10.73,7.0,1.43,12.36,1015.01,31.65,61.19,126.19,421 -> 1221 -> 2154,292830.0,19151.0,15829.0,6.54,5.41,-68609.61,-69186.45,16980.57,1368057.27,-1351076.7,0.87,11.1,300.0,1741.85,OpenDART,14.47,5.0,True,5.0,OpenDART,,3.82,,,55625.0,,,61.0,,,Naver/FnGuide,,KRW,2026-08-21,2025.0,CFS,11011,OpenDART,126.19,2025.0,11011,5,4,4,4,0.09,5.5,1.02,12.42,27.27,40.2,금융 지원 서비스업,금융 지원 서비스업,2026-08-21,4.25,15,6,12,20,15,10,5,3,86,S,39
033780.KS,033780,KT&G,178865,,"잎담배,제조담배,홍삼,홍삼제품 제조,판매",KOSPI,주권,KRX,172600.0,179110.0,178483.33333333334,172582.5,162544.5,6.186305903921696,189000.0,-8.677248677248677,41.414141414126775,-3.9,-5.22,nxt_web_latest,NXT 체결가,2026-08-21 20:53 KST,,,-0.02,13.64,50.95,14.0,1.92,11.77,51.98,11.35,13.03,16.47,6615 -> 8975 -> 8973,65797.0,13437.0,11023.0,20.42,16.75,5828.75,-930.03,9135.03,48529.58,-39394.55,3.48,57.6,6000.0,6274.28,OpenDART,6.27,5.0,False,5.0,OpenDART,,4.0,,,240000.0,,,39.05,,,Naver/FnGuide,,KRW,2026-08-20,2025.0,CFS,11011.0,OpenDART,16.47,2025.0,11011.0,1,0,0,0,,,,,,,담배 제조업,담배 제조업,2026-08-21,4.25,8,3,12,0,12,0,5,0,40,C,40
051910.KS,051910,LG화학,178245,,"유화/기능/합성수지,재생섬유소,산업재,리튬이온전지,평광판,PVC 제조,도매",KOSPI,주권,KRX,254000.0,261400.0,289558.3333333333,319895.8333333333,334275.0,-24.014658589484704,429500.0,-40.86146682188591,46.66666666665875,-6.45,-27.64,nxt_web_latest,NXT 체결가,2026-08-21 20:53 KST,,,,29.2,37.56,-61.0,0.59,-5.5,114.54,-5.68,34.98,,-,459322.0,11809.0,-9771.0,2.57,-2.13,82338.59,-56228.12,98999.26,539561.16,-440561.9,0.79,,2000.0,1569.34,OpenDART,-41.52,1.0,True,3.0,OpenDART,,3.85,,,383769.0,,,51.09,,,Naver/FnGuide,,KRW,2026-08-20,2025.0,CFS,11011.0,OpenDART,,2025.0,11011.0,2,1,1,1,,,,,,,기초 화학물질 제조업,기초 화학물질 제조업,2026-08-21,4.25,0,10,0,0,0,0,5,5,20,D,41
010140.KS,010140,삼성중공업,177760,,"선박(벌크선,원유운반선),철구조물,에너지플랜트 생산,판매/토목건축업",KOSPI,주권,KRX,20250.0,21485.0,23722.5,26430.416666666668,26700.75,-24.1594337237718,34400.0,-41.133720930232556,40.79999999990861,-14.38,-33.5,nxt_web_latest,NXT 체결가,2026-08-21 20:53 KST,,,749.32,97.29,28.99,20.0,4.12,13.73,265.05,7.54,71.51,,73 -> 620,106500.0,8622.0,5358.0,8.1,5.03,15628.49,13465.94,7726.15,108538.31,-100812.16,,,,,,,,,,,,4.0,,,38750.0,,,91.36,,,Naver/FnGuide,,KRW,2026-08-12,2025.0,CFS,11011.0,OpenDART,,,,3,2,2,2,0.03,,,,,,선박 및 보트 건조업,선박 및 보트 건조업,2026-08-21,4.25,4,0,12,20,0,10,5,5,56,B,42
018260.KS,018260,삼성에스디에스,176421,,"IT서비스, 물류BPO",KOSPI,주권,KRX,225500.0,221375.0,220838.33333333334,194419.16666666666,185989.5,21.243403525467837,362000.0,-37.70718232044199,61.22448979590962,3.44,11.91,nxt_web_latest,NXT 체결가,2026-08-21 20:53 KST,,,0.34,16.5,18.51,25.0,1.71,7.89,31.09,0.74,5.05,4.66,8962 -> 9783 -> 9816,139299.0,9571.0,7827.0,6.87,5.62,12033.28,8438.64,15589.81,31908.04,-16318.23,1.41,32.5,3190.0,2467.47,OpenDART,-0.1,5.0,True,5.0,OpenDART,,4.0,,,269786.0,,,19.64,,,Naver/FnGuide,,KRW,2026-08-21,2025.0,CFS,11011,OpenDART,4.66,2025.0,11011,2,1,1,1,73.53,,,,,,"컴퓨터 프로그래밍, 시스템 통합 및 관리업","컴퓨터 프로그래밍, 시스템 통합 및 관리업",2026-08-21,4.25,4,6,6,0,4,2,3,5,30,D,43
000150.KS,000150,두산,174569,,"동박적층판 등 제조 및 판매, 유압기기 등 제조 및 판매, 지게차 제조 및 판매, IT 시스템 개발/운영 서비스 등, 연료전지 등",KOSPI,주권,KRX,1088000.0,1177750.0,1407650.0,1372441.6666666667,1177910.0,-7.633011011028007,2203000.0,-50.612800726282344,42.17687074829831,-14.73,-38.91,nxt_web_latest,NXT 체결가,2026-08-21 20:53 KST,,,,220.26,20.39,55.0,10.16,4.99,169.14,9.11,5.87,,-,197841.0,10627.0,2495.0,5.37,1.26,9819.08,834.83,49279.03,206934.67,-157655.64,0.37,94.61,4000.0,717.01,OpenDART,25.99,5.0,False,5.0,OpenDART,,4.0,,,2115833.0,,,94.47,,,Naver/FnGuide,,KRW,2026-08-12,2025.0,CFS,11011.0,OpenDART,,2025.0,11011.0,6,5,5,5,,26.0,6.4,6.6,111.54,58.75,전자부품 제조업,전자부품 제조업,2026-08-21,4.25,0,0,0,0,0,0,5,3,8,D,44
267250.KS,267250,HD현대,168255,,지주회사,KOSPI,주권,KRX,210500.0,216070.0,224348.33333333334,246695.0,236492.5,-10.9908348044864,310500.0,-32.2061191626409,60.09036144577046,-9.07,-27.29,nxt_web_latest,NXT 체결가,2026-08-21 20:53 KST,,,89.12,15.56,26.82,4.0,1.38,10.25,159.39,5.16,104.47,90.79,3348 -> 6444 -> 12187,712594.0,60996.0,36755.0,8.56,5.16,73848.84,50959.56,63674.75,483507.99,-419833.24,1.9,29.4,4000.0,2826.74,OpenDART,-4.55,5.0,True,5.0,OpenDART,,4.0,,,324000.0,,,53.92,,,Naver/FnGuide,,KRW,2026-08-21,2025.0,CFS,11011,OpenDART,90.79,2025.0,11011,18,17,17,16,0.04,8.0,0.96,8.82,-50.0,43.75,기타 금융업,기타 금융업,2026-08-21,4.25,15,6,12,20,15,10,3,5,86,S,45
003550.KS,003550,LG,162833,,지주회사,KOSPI,주권,KRX,107900.0,104985.0,107515.0,102408.33333333333,95662.0,12.792958541531643,165800.0,-34.92159227985525,58.249999999979615,6.2,-12.06,nxt_web_latest,NXT 체결가,2026-08-21 20:53 KST,,,29.09,16.15,37.21,14.0,0.58,2.64,12.03,1.07,-5.65,-23.3,7867 -> 3585 -> 4628,72525.0,9122.0,10001.0,12.58,13.79,10151.14,8256.22,15114.5,36480.76,-21366.26,2.87,64.86,3100.0,4781.8,OpenDART,1.1,5.0,False,5.0,OpenDART,,4.0,,,147750.0,,,36.93,,,Naver/FnGuide,,KRW,2026-08-18,2025.0,CFS,11011.0,OpenDART,-23.3,2025.0,11011.0,18,17,17,16,0.48,8.0,1.03,9.04,75.0,-43.69,기타 금융업,기타 금융업,2026-08-21,4.25,8,10,0,20,0,8,3,5,54,C,46
024110.KS,024110,기업은행,159485,,은행업,KOSPI,주권,KRX,20050.0,20397.5,20717.666666666668,21577.166666666668,21512.8,-6.799672752965673,28550.0,-29.772329246935204,38.98305084727262,-4.75,-3.84,nxt_web_latest,NXT 체결가,2026-08-21 20:53 KST,,,2.53,4.67,13.68,6.0,0.43,7.7,1258.51,-9.91,1.71,0.77,3348 -> 3316 -> 3400,292172.0,36556.0,27189.0,12.51,9.31,-30221.46,-34147.86,221431.08,4638365.97,-4416934.89,5.23,30.83,1048.0,8357.02,OpenDART,2.97,0.0,True,4.0,OpenDART,,3.73,,,27333.0,,,36.32,,,Naver/FnGuide,,KRW,2026-08-20,2025.0,CFS,11011.0,OpenDART,0.77,2025.0,11011.0,2,1,1,1,2.37,,,,,,은행 및 저축기관,은행 및 저축기관,2026-08-21,4.25,15,10,6,0,0,2,5,5,43,C,47
010950.KS,010950,S-Oil,158854,,"석유제품,가스,윤활기유,윤활유,그리스,석유화학제품 제조,도매",KOSPI,주권,KRX,142400.0,136675.0,123713.33333333333,119880.0,107338.5,32.66442143312977,153600.0,-7.291666666666667,61.89655172412299,-4.94,29.34,nxt_web_latest,NXT 체결가,2026-08-21 20:53 KST,,,-81.34,31.62,79.38,6.0,1.72,2.01,198.82,-6.52,-44.2,,8137 -> 1518,342470.0,2356.0,1770.0,0.69,0.52,39423.04,336.87,18346.58,176695.56,-158348.98,0.23,21.8,330.0,385.15,OpenDART,-60.85,5.0,True,5.0,OpenDART,,3.94,,,164412.0,,,15.46,,,Naver/FnGuide,,KRW,2026-08-12,2025.0,CFS,11011.0,OpenDART,,2025.0,11011.0,2,1,1,1,,,,,,,석유 정제품 제조업,석유 정제품 제조업,2026-08-21,4.25,15,6,0,0,0,0,3,0,24,D,48
035720.KS,035720,카카오,158587,,인터넷 서비스(인터넷 광고),KOSPI,주권,KRX,35800.0,37962.5,37510.0,42775.0,49633.0,-27.87056998368021,70400.0,-49.14772727272727,43.846153846106624,-3.63,-13.63,daily_close,NXT 미확인,2026-08-21 20:57 KST,,,795.16,180.5,29.02,30.0,1.52,4.59,82.49,2.99,47.79,,124 -> 1110,80991.0,7320.0,5180.0,9.04,6.4,14047.63,7903.9,63737.84,125586.03,-61848.19,0.21,6.7,75.0,330.25,OpenDART,7.72,5.0,False,5.0,OpenDART,,4.0,,,58389.0,,,63.1,,,Naver/FnGuide,,KRW,2026-08-12,2025.0,CFS,11011.0,OpenDART,,2025.0,11011.0,2,1,1,1,0.04,,,,,,"자료처리, 호스팅, 포털 및 기타 인터넷 정보매개 서비스업","자료처리, 호스팅, 포털 및 기타 인터넷 정보매개 서비스업",2026-08-21,4.25,0,6,0,20,0,10,5,3,44,C,49
079550.KS,079550,LIG디펜스앤에어로스페이스,152900,,정밀유도무기 등,KOSPI,주권,KRX,698000.0,747600.0,765816.6666666666,791341.6666666666,655940.0,6.412171844985822,1020000.0,-31.56862745098039,49.66996699669852,-5.16,-23.55,nxt_web_latest,NXT 체결가,2026-08-21 20:53 KST,,,15.46,25.03,26.66,48.0,11.41,19.2,446.35,31.46,42.97,20.33,7953 -> 9974 -> 11516,43069.0,3194.0,2375.0,7.42,5.51,-5843.05,-8663.03,1251.9,65886.65,-64634.75,0.42,25.4,2950.0,644.43,OpenDART,25.29,5.0,False,5.0,OpenDART,,4.0,,,1147941.0,,,64.46,,,Naver/FnGuide,,KRW,2026-08-12,2025.0,CFS,11011.0,OpenDART,20.33,2025.0,11011.0,1,0,0,0,3.1,,,,,,무기 및 총포탄 제조업,무기 및 총포탄 제조업,2026-08-21,4.25,0,0,16,0,12,8,5,5,46,C,50
086280.KS,086280,현대글로비스,147525,,"화물운송주선,화물포장,자동차 수리/산업용 기계장비 임대",KOSPI,주권,KRX,196100.0,201445.0,201445.0,216530.83333333334,211956.5,-7.481016151899092,290500.0,-32.49569707401033,45.98540145983835,-4.11,-16.91,nxt_web_latest,NXT 체결가,2026-08-21 20:53 KST,,,58.5,7.56,46.49,9.0,1.44,18.13,78.92,4.08,18.26,27.83,14148 -> 14585 -> 23117,295664.0,20730.0,17347.0,7.01,5.87,25007.61,18775.77,26446.4,81987.66,-55541.26,2.96,25.1,5800.0,4350.0,OpenDART,15.14,0.0,True,3.0,OpenDART,,4.0,,,322000.0,,,64.2,,,Naver/FnGuide,,KRW,2026-08-20,2025.0,CFS,11011.0,OpenDART,27.83,2025.0,11011.0,1,0,0,0,0.15,,,,,,기타 운송관련 서비스업,기타 운송관련 서비스업,2026-08-21,4.25,12,6,16,20,15,10,5,5,89,S,51
278470.KS,278470,에이피알,144136,,"화장품, 피부미용기기 등",KOSPI,주권,KRX,382500.0,366500.0,380366.6666666667,375733.3333333333,325790.0,17.406918567175175,459000.0,-16.666666666666664,77.54237288134672,3.38,-1.8,nxt_web_latest,NXT 체결가,2026-08-21 20:53 KST,,,171.08,23.78,37.77,25.0,28.53,75.3,73.11,111.3,197.88,85.08,2249 -> 2842 -> 7704,15273.0,3655.0,2897.0,23.93,18.97,3410.46,3231.29,1543.5,3259.38,-1715.88,1.33,65.8,5090.0,1905.33,OpenDART,,1.0,False,1.0,OpenDART,,4.0,,,538500.0,,,40.78,,,Naver/FnGuide,,KRW,2026-08-20,2025.0,CFS,11011.0,OpenDART,85.08,2025.0,11011.0,3,2,2,2,0.15,,,,,,기타 화학제품 제조업,기타 화학제품 제조업,2026-08-21,4.25,4,0,20,20,15,10,1,5,75,A,52
064350.KS,064350,현대로템,141994,,"철도차량, 특수중기, 산업기계",KOSPI,주권,KRX,131100.0,138780.0,171246.66666666666,191514.16666666666,195575.5,-32.967063870474576,269000.0,-51.26394052044609,47.26443768995955,-21.26,-38.74,nxt_web_latest,NXT 체결가,2026-08-21 20:53 KST,,,89.24,19.33,39.26,18.0,4.97,30.05,206.39,33.41,120.24,118.7,1475 -> 3728 -> 7055,58390.0,10056.0,7705.0,17.22,13.2,9043.13,7478.41,9084.14,62768.0,-53683.86,0.46,8.5,600.0,654.85,OpenDART,144.95,3.0,False,3.0,OpenDART,,4.0,,,274118.0,,,109.09,,,Naver/FnGuide,,KRW,2026-08-12,2025.0,CFS,11011.0,OpenDART,118.7,2025.0,11011.0,1,0,0,0,0.2,,,,,,그외 기타 운송장비 제조업,그외 기타 운송장비 제조업,2026-08-21,4.25,8,0,20,20,15,10,5,3,81,A,53
003670.KS,003670,포스코퓨처엠,137777,,"내화물, 생석회, 음극재 및 양극재",KOSPI,주권,KRX,154900.0,149745.0,170533.33333333334,198949.16666666666,203247.5,-23.787500461260286,296000.0,-47.66891891891892,61.71662125339422,1.77,-35.59,nxt_web_latest,NXT 체결가,2026-08-21 20:53 KST,,,7.52,726.86,9.78,478.0,3.28,0.92,102.65,-20.57,4585.71,,359 -> 386,29387.0,328.0,365.0,1.12,1.24,-335.77,-15428.71,3198.41,46318.17,-43119.76,0.16,60.9,250.0,222.37,OpenDART,-5.9,1.0,True,4.0,OpenDART,,3.75,,,205625.0,,,32.75,,,Naver/FnGuide,,KRW,2026-08-21,2025.0,CFS,11011,OpenDART,,2025.0,11011,3,1,2,2,63.56,,,,,,일차전지 및 이차전지 제조업,일차전지 및 이차전지 제조업,2026-08-21,4.25,0,0,0,0,0,5,3,3,11,D,54
272210.KS,272210,한화시스템,132810,,"정밀기기(육해공군관련전자제어시스템,열영상감시장비,탐지추적장치,전투지휘체계시스템) 제조",KOSPI,주권,KRX,70600.0,69835.0,78416.66666666667,102990.0,89859.5,-21.432903588379638,162700.0,-56.60725261216963,59.5121951219309,1.29,-38.61,nxt_web_latest,NXT 체결가,2026-08-21 20:53 KST,,,-46.69,20.41,10.49,91.0,2.93,6.6,106.5,30.69,-45.33,-16.73,1849 -> 2405 -> 1282,36642.0,1199.0,2091.0,3.27,5.71,787.37,-2395.77,3254.84,53262.66,-50007.82,0.71,44.7,500.0,934.97,OpenDART,25.99,5.0,False,5.0,OpenDART,,3.88,,,110000.0,,,55.81,,,Naver/FnGuide,,KRW,2026-08-21,2025.0,CFS,11011,OpenDART,-16.73,2025.0,11011,6,5,5,5,,26.0,8.31,6.14,250.0,-64.74,전자부품 제조업,전자부품 제조업,2026-08-21,4.25,0,3,6,0,0,0,3,3,15,D,55
030200.KS,030200,KT,132059,,"유무선통신사업,공중전기통신사업,인터넷,전자상거래,네트워크(전용회선,데이터통신,초고속사업 등)",KOSPI,주권,KRX,52300.0,52995.0,53525.0,56851.666666666664,55609.5,-5.951321267049694,68900.0,-24.092888243831638,53.24675324665644,-0.76,-3.51,nxt_web_latest,NXT 체결가,2026-08-21 20:53 KST,,,271.3,13.4,100.0,9.0,0.7,10.22,120.72,6.86,205.02,32.94,3887 -> 1850 -> 6869,282442.0,24691.0,18368.0,8.74,6.5,49417.33,9009.74,35069.71,234905.5,-199835.79,4.59,33.6,2400.0,5809.56,OpenDART,6.98,5.0,False,5.0,OpenDART,,4.0,,,74632.0,,,42.7,,,Naver/FnGuide,,KRW,2026-08-19,2025.0,CFS,11011.0,OpenDART,32.94,2025.0,11011.0,3,2,2,2,0.03,,,,,,전기 통신업,전기 통신업,2026-08-21,4.25,12,10,12,20,15,10,5,5,89,S,56
011070.KS,011070,LG이노텍,130169,,기타 전자부품 제조업,KOSPI,주권,KRX,554000.0,562200.0,836450.0,642812.5,489980.0,13.065839422017225,1530000.0,-63.79084967320261,55.05617977527873,-18.41,-48.13,nxt_web_latest,NXT 체결가,2026-08-21 20:53 KST,,,-24.04,12.45,27.25,15.0,2.35,6.14,107.02,3.28,-5.81,-22.3,23881 -> 18983 -> 14419,218966.0,6650.0,3413.0,3.04,1.56,13314.02,5768.74,14064.03,61678.29,-47614.26,0.34,13.0,1880.0,444.89,OpenDART,-14.43,2.0,True,4.0,OpenDART,,4.0,,,1155500.0,,,108.57,,,Naver/FnGuide,,KRW,2026-08-12,2025.0,CFS,11011.0,OpenDART,-22.3,2025.0,11011.0,6,5,5,5,,55.0,8.31,6.6,-72.73,-71.72,전자부품 제조업,전자부품 제조업,2026-08-21,4.25,8,3,6,0,0,0,3,1,21,D,57
047810.KS,047810,한국항공우주,126717,,"정부방산 및 완제기 수출(T-50계열, KUH계열, KT-1계열 등), 기체부품",KOSPI,주권,KRX,130500.0,139825.0,145583.33333333334,162393.33333333334,150072.5,-13.042029685651935,202000.0,-35.396039603960396,51.50501672239998,-20.48,-23.19,nxt_web_latest,NXT 체결가,2026-08-21 20:53 KST,,,8.05,37.62,23.83,54.0,7.32,10.51,446.57,1.73,11.84,-8.9,2298 -> 1765 -> 1907,36964.0,2692.0,1873.0,7.28,5.07,-9033.16,-10931.13,609.39,84729.1,-84119.71,0.38,26.2,500.0,487.38,OpenDART,25.99,5.0,False,5.0,OpenDART,,3.94,,,188294.0,,,44.29,,,Naver/FnGuide,,KRW,2026-08-18,2025.0,CFS,11011.0,OpenDART,-8.9,2025.0,11011.0,2,1,1,1,6.71,,,,,,"항공기,우주선 및 부품 제조업","항공기,우주선 및 부품 제조업",2026-08-21,4.25,0,0,12,0,0,5,5,5,27,D,58
307950.KS,307950,현대오토에버,122859,,"차량SW, 내비게이션, 스마트팩토리, AI·클라우드 기반 솔루션, 디지털 전환 컨설팅 및 IT서비스",KOSPI,주권,KRX,450500.0,409150.0,534191.6666666666,496316.6666666667,428440.5,5.148789621896157,938000.0,-51.97228144989339,68.76404494381589,4.77,-29.39,nxt_web_latest,NXT 체결가,2026-08-21 20:53 KST,,,6.84,37.41,2.19,58.0,6.75,10.27,92.31,14.5,13.77,15.08,5024 -> 6228 -> 6654,42521.0,2553.0,1868.0,6.0,4.39,4236.08,1865.32,3011.25,17304.72,-14293.47,0.42,28.6,1900.0,521.04,OpenDART,18.56,5.0,False,5.0,OpenDART,,3.75,,,575625.0,,,27.77,,,Naver/FnGuide,,KRW,2026-08-21,2025.0,CFS,11011,OpenDART,15.08,2025.0,11011,2,1,1,1,8.48,,,,,,소프트웨어 개발 및 공급업,소프트웨어 개발 및 공급업,2026-08-21,4.25,0,0,12,0,12,5,1,3,33,D,59
000720.KS,000720,현대건설,117591,,"공사수입,주택분양,건설산업부문 설계,감리 등 엔지니어링서비스",KOSPI,주권,KRX,105600.0,105345.0,115008.33333333333,137711.66666666666,116364.5,-9.250673530157394,188700.0,-44.03815580286168,61.04417670681015,-3.03,-30.53,nxt_web_latest,NXT 체결가,2026-08-21 20:53 KST,,,-30.35,14.22,26.81,25.0,1.4,4.58,174.81,-4.92,,,4767 -> 3320,310629.0,6530.0,5591.0,2.1,1.8,-2070.19,-2605.7,28806.24,101587.39,-72781.15,0.76,24.1,800.0,899.81,OpenDART,10.06,3.0,False,3.0,OpenDART,,3.95,,,172368.0,,,63.23,,,Naver/FnGuide,,KRW,2026-08-20,2025.0,OFS,11011.0,OpenDART,,2025.0,11011.0,1,0,0,0,,,,,,,토목 건설업,토목 건설업,2026-08-21,4.25,4,6,0,0,0,0,3,5,18,D,60
005830.KS,005830,DB손해보험,116459,,"자동차보험,화재보험,해상보험,특종보험,장기보험",KOSPI,주권,KRX,177500.0,165575.0,153441.66666666666,162644.16666666666,152124.0,16.681128553022535,205500.0,-13.62530413625304,66.35220125784703,7.32,19.45,nxt_web_latest,NXT 체결가,2026-08-21 20:53 KST,,,-3.4,4.18,44.46,8.03,0.95,17.75,576.91,5.55,-1.69,1.43,24556 -> 26152 -> 25263,230479.0,23840.0,17906.0,10.34,7.77,-2824.18,-3921.7,17134.19,630870.18,-613735.99,4.28,25.7,7600.0,4608.9,OpenDART,18.22,5.0,False,5.0,OpenDART,,3.93,,,220714.0,,,24.35,,,Naver/FnGuide,,KRW,2026-08-18,2025.0,CFS,11011.0,OpenDART,1.43,2025.0,11011.0,3,2,2,2,,,,,,,보험업,보험업,2026-08-21,4.25,12,8,16,0,0,0,1,5,42,C,61
078930.KS,078930,GS,107944,,지주회사/부동산 임대,KOSPI,주권,KRX,116700.0,99860.0,83090.0,76953.33333333333,70096.75,66.48418079297542,119700.0,-2.506265664160401,74.63768115940135,24.68,51.56,nxt_web_latest,NXT 체결가,2026-08-21 20:53 KST,,,40.85,5.41,18.76,5.0,0.74,5.55,86.04,-0.26,-4.59,-21.64,13734 -> 5988 -> 8434,251841.0,29361.0,10381.0,11.66,4.12,21933.38,2812.65,16109.17,165137.94,-149028.77,2.57,35.6,3000.0,2841.14,OpenDART,6.27,5.0,False,5.0,OpenDART,,4.0,,,133600.0,,,14.48,,,Naver/FnGuide,,KRW,2026-08-19,2025.0,CFS,11011.0,OpenDART,-21.64,2025.0,11011.0,18,17,17,16,0.12,8.0,1.03,9.04,-37.5,-28.16,기타 금융업,기타 금융업,2026-08-21,4.25,15,10,6,20,0,10,1,0,62,B,62
003230.KS,003230,삼양식품,102900,,"라면,스낵,유제품,장유,식용유,사료,향신료,건강음료(루이보스 티) 제조,도매",KOSPI,주권,KRX,1364000.0,1247000.0,1167933.3333333333,1203641.6666666667,1225245.0,11.324673840742056,1630000.0,-16.319018404907975,67.18749999999837,21.03,5.25,nxt_web_latest,NXT 체결가,2026-08-21 20:53 KST,,,43.18,19.3,16.97,16.0,6.53,37.59,72.74,36.1,52.12,75.62,16761 -> 36106 -> 51697,23518.0,5242.0,3887.0,22.29,16.53,3092.87,-1520.85,3328.41,9249.56,-5921.15,0.35,9.2,4800.0,359.94,OpenDART,50.79,5.0,False,5.0,OpenDART,,4.0,,,1856429.0,,,36.1,,,Naver/FnGuide,,KRW,2026-08-12,2025.0,CFS,11011.0,OpenDART,75.62,2025.0,11011.0,2,1,1,1,0.37,,,,,,기타 식품 제조업,기타 식품 제조업,2026-08-21,4.25,8,0,20,20,15,10,1,5,79,A,63
071050.KS,071050,한국금융지주,102814,,금융지주회사,KOSPI,주권,KRX,184600.0,196700.0,219183.33333333334,229704.16666666666,211468.5,-12.705674840460873,292500.0,-36.888888888888886,37.52834467119586,-16.66,-26.89,nxt_web_latest,NXT 체결가,2026-08-21 20:53 KST,,,94.33,4.83,36.67,4.0,0.84,18.66,1025.35,6.14,95.49,69.05,11480 -> 16883 -> 32808,194661.0,23453.0,20244.0,12.05,10.4,-76072.18,-76406.29,32860.45,1240624.37,-1207763.92,4.71,25.1,8690.0,5078.16,OpenDART,55.75,5.0,True,5.0,OpenDART,,4.0,,,322750.0,,,74.84,,,Naver/FnGuide,,KRW,2026-08-21,2025.0,CFS,11011,OpenDART,69.05,2025.0,11011,18,17,17,16,0.04,8.0,1.03,8.82,-50.0,-18.45,기타 금융업,기타 금융업,2026-08-21,4.25,15,8,16,20,15,10,5,5,94,S,64
259960.KS,259960,크래프톤,102425,,<배틀그라운드> 등 게임 소프트웨어,KOSPI,주권,KRX,220500.0,237000.0,237341.66666666666,245050.0,247710.0,-10.984619111057285,386000.0,-42.87564766839378,34.09090909090186,-7.16,-15.36,nxt_web_latest,NXT 체결가,2026-08-21 20:53 KST,,,-43.16,14.43,43.45,11.0,1.33,10.6,31.31,22.76,-10.83,12.39,12221 -> 27162 -> 15438,33266.0,10544.0,7337.0,31.7,22.06,10451.03,9041.3,5967.26,22495.04,-16527.78,1.02,13.6,2240.0,995.75,OpenDART,,1.0,False,1.0,OpenDART,,4.0,,,368333.0,,,67.04,,,Naver/FnGuide,,KRW,2026-08-21,2025.0,CFS,11011,OpenDART,12.39,2025.0,11011,2,1,1,1,,,,,,,소프트웨어 개발 및 공급업,소프트웨어 개발 및 공급업,2026-08-21,4.25,12,6,12,0,8,0,3,5,46,C,65
323410.KS,323410,카카오뱅크,101626,,은행 및 금융서비스,KOSPI,주권,KRX,21200.0,21790.0,22130.0,23172.5,23042.5,-7.996094173809265,37000.0,-42.7027027027027,37.499999999835936,-4.07,-5.36,nxt_web_latest,NXT 체결가,2026-08-21 20:53 KST,,,9.1,27.52,17.7,17.0,1.55,7.23,1032.02,4.78,7.0,16.34,744 -> 923 -> 1007,30863.0,6494.0,4803.0,21.04,15.56,60057.65,59360.83,20911.53,696599.09,-675687.56,2.17,45.64,460.0,2191.95,OpenDART,79.15,4.0,False,4.0,OpenDART,,3.69,,,29500.0,,,39.15,,,Naver/FnGuide,,KRW,2026-08-19,2025.0,OFS,11011.0,OpenDART,16.34,2025.0,11011.0,2,1,1,1,1.87,,,,,,은행 및 저축기관,은행 및 저축기관,2026-08-21,4.25,8,6,6,5,12,5,5,5,52,C,66
005940.KS,005940,NH투자증권,96362,,"증권업,종합금융",KOSPI,주권,KRX,26000.0,27752.5,29648.333333333332,31556.666666666668,28245.15,-7.948798289263825,39200.0,-33.6734693877551,32.857142857077136,-13.33,-18.75,nxt_web_latest,NXT 체결가,2026-08-21 20:53 KST,,,46.15,6.96,13.48,6.0,1.03,11.76,783.5,36.52,57.65,34.9,1587 -> 1976 -> 2888,136989.0,14206.0,10315.0,10.37,7.53,-54216.16,-54494.16,26308.3,739472.94,-713164.64,5.0,47.29,1300.0,4878.35,OpenDART,22.92,5.0,True,5.0,OpenDART,,3.94,,,42588.0,,,63.8,,,Naver/FnGuide,,KRW,2026-08-18,2025.0,CFS,11011.0,OpenDART,34.9,2025.0,11011.0,5,4,4,4,0.13,6.0,1.23,12.72,0.0,-16.26,금융 지원 서비스업,금융 지원 서비스업,2026-08-21,4.25,15,8,12,20,15,10,3,5,88,S,67
003490.KS,003490,대한항공,95000,,"여객운송,화물운송,항공기 제조,판매,정비수리/기내식 제조판매,면세품 판매",KOSPI,주권,KRX,25800.0,25995.0,26615.0,25806.666666666668,24648.75,4.670622242507227,30000.0,-14.000000000000002,49.074074073946846,0.19,-6.01,daily_close,NXT 미확인,2026-08-21 20:57 KST,,,-40.82,8.45,46.22,27.0,0.9,7.28,339.88,41.16,-47.23,-14.28,2873 -> 3567 -> 2111,252255.0,11136.0,6473.0,4.41,2.57,40751.91,-2209.29,18699.88,389469.74,-370769.86,2.91,35.5,750.0,2770.54,OpenDART,0.0,4.0,False,4.0,OpenDART,,3.9,,,36700.0,,,42.25,,,Naver/FnGuide,,KRW,2026-08-12,2025.0,CFS,11011.0,OpenDART,-14.28,2025.0,11011.0,1,0,0,0,,,,,,,항공 여객 운송업,항공 여객 운송업,2026-08-21,4.25,0,8,6,0,0,0,5,5,24,D,68
006260.KS,006260,LS,91572,,"전력용전선,일반전선,통신케이블,동선,알루미늄선,공조기,프라스틱사출성형기 제조,도매",KOSPI,주권,KRX,292500.0,304225.0,348750.0,351237.5,294458.0,-0.6649505192591133,553000.0,-47.10669077757685,56.88311688311275,-9.02,-47.11,nxt_web_latest,NXT 체결가,2026-08-21 20:53 KST,,,14.75,14.43,16.4,14.0,1.59,5.64,225.47,15.7,-1.89,-20.96,13539 -> 7371 -> 8458,318700.0,10526.0,4851.0,3.3,1.52,2063.3,-9841.35,20866.11,173152.04,-152285.93,,25.25,,683.69,OpenDART,,0.0,False,0.0,OpenDART,,4.0,,,563400.0,,,92.62,,,Naver/FnGuide,,KRW,2026-08-21,2025.0,CFS,11011,OpenDART,-20.96,2025.0,11011,18,17,17,16,0.95,8.0,0.96,9.04,75.0,65.63,기타 금융업,기타 금융업,2026-08-21,4.25,8,6,6,16,0,5,3,3,47,C,69
0126Z0.KS,0126Z0,삼성에피스홀딩스,89578,,지주회사,KOSPI,주권,KRX,361500.0,388075.0,410883.3333333333,473791.6666666667,,,743000.0,-51.34589502018842,46.60633484162601,-4.87,-26.22,nxt_web_latest,NXT 체결가,2026-08-21 20:53 KST,,,,35.03,6.89,43.0,1.69,,30.64,,,,-,2516.9,-636.41,853.0,-25.29,33.9,-1037.45,-1437.32,1313.0,18098.15,-16785.15,,,,,,,,,,,,4.0,,,593333.0,,,64.13,,,Naver/FnGuide,,KRW,2026-08-12,2025.0,CFS,11011.0,OpenDART,,,,18,17,17,17,,8.0,0.96,8.91,437.5,76.04,기타 금융업,기타 금융업,2026-08-21,4.25,0,6,0,0,0,0,5,3,14,D,70
047050.KS,047050,포스코인터내셔널,89016,,"영업활동의 주요 품목으로 에너지 사업내 천연가스 발전, 태양력, 풍력, 수소 등이 있으며, 트레이딩 사업은 철강 및 철강원료, 이차전지소재, 곡물, 유지, 면방, 바이오플라스틱, 친환경차부품, 인프라 및 산업 플랜트 등이 있음.",KOSPI,주권,KRX,50300.0,53277.5,54095.0,64785.0,61650.75,-18.411373746466992,87300.0,-42.38258877434135,45.604395604360526,-11.13,-26.35,nxt_web_latest,NXT 체결가,2026-08-21 20:53 KST,,,19.35,14.68,7.85,10.0,1.3,9.27,140.03,0.35,0.65,-4.58,3834 -> 2925 -> 3491,323736.0,11653.0,6368.0,3.6,1.97,19415.39,8824.95,11714.66,109403.55,-97688.89,3.68,51.3,1850.0,3153.22,OpenDART,22.76,5.0,False,5.0,OpenDART,,4.0,,,89692.0,,,78.31,,,Naver/FnGuide,,KRW,2026-08-18,2025.0,CFS,11011.0,OpenDART,-4.58,2025.0,11011.0,1,0,0,0,0.52,,,,,,상품 중개업,상품 중개업,2026-08-21,4.25,12,6,6,20,0,8,5,5,62,B,71
443060.KS,443060,HD현대마린솔루션,88635,,"AM(After Market) 솔루션, 친환경 Retrofit, 디지털 제어",KOSPI,주권,KRX,196300.0,196125.0,210668.33333333334,207442.5,202721.0,-3.1674074220233726,280500.0,-30.017825311942957,62.25402504470713,-8.7,-23.47,nxt_web_latest,NXT 체결가,2026-08-21 20:53 KST,,,13.41,31.31,30.1,26.0,10.8,33.73,54.27,13.59,28.86,26.16,3778 -> 5302 -> 6013,19827.0,3501.0,2696.0,17.66,13.6,3241.28,3061.12,3779.24,4475.95,-696.71,2.01,65.7,3950.0,1770.79,OpenDART,25.4,2.0,False,2.0,OpenDART,,4.0,,,314727.0,,,60.33,,,Naver/FnGuide,,KRW,2026-08-18,2025.0,CFS,11011.0,OpenDART,26.16,2025.0,11011.0,2,1,1,1,1.94,,,,,,"건축기술, 엔지니어링 및 관련 기술 서비스업","건축기술, 엔지니어링 및 관련 기술 서비스업",2026-08-21,4.25,0,0,20,5,15,5,3,5,53,C,72
028050.KS,028050,삼성E&A,88494,,"산업설비,건물,구축물,토목시설의 설계,시공,공사감리",KOSPI,주권,KRX,45150.0,46910.0,46794.166666666664,45641.666666666664,38300.25,17.88434801339417,64400.0,-29.891304347826086,54.45544554450413,-3.22,-17.31,daily_close,NXT 미확인,2026-08-21 20:57 KST,,,-18.44,6.49,38.93,13.0,1.95,13.76,125.8,-9.41,-18.47,-9.5,3846 -> 3862 -> 3150,90288.0,7921.0,6483.0,8.77,7.18,2544.33,1579.4,8617.97,55933.7,-47315.73,1.75,25.1,790.0,1548.4,OpenDART,19.7,2.0,False,2.0,OpenDART,,4.0,,,67069.0,,,48.55,,,Naver/FnGuide,,KRW,2026-08-18,2025.0,CFS,11011.0,OpenDART,-9.5,2025.0,11011.0,2,1,1,1,,,,,,,"건축기술, 엔지니어링 및 관련 기술 서비스업","건축기술, 엔지니어링 및 관련 기술 서비스업",2026-08-21,4.25,8,3,12,0,0,0,5,5,33,D,73
016360.KS,016360,삼성증권,82156,,"유가증권의 매매,위탁매매,인수주선",KOSPI,주권,KRX,87800.0,93750.0,107080.0,107753.33333333333,98004.0,-10.411819925717317,149500.0,-41.27090301003344,37.81249999998346,-16.3,-30.76,nxt_web_latest,NXT 체결가,2026-08-21 20:53 KST,,,12.03,5.76,26.18,5.0,0.97,13.09,887.64,10.45,14.09,35.65,6130 -> 10068 -> 11279,148739.0,13757.0,10072.0,9.25,6.77,-53238.21,-53680.42,33798.3,716151.57,-682353.27,4.56,35.46,4000.0,3572.0,OpenDART,33.01,5.0,True,5.0,OpenDART,,3.88,,,152588.0,,,73.79,,,Naver/FnGuide,,KRW,2026-08-18,2025.0,CFS,11011.0,OpenDART,35.65,2025.0,11011.0,5,4,4,4,0.42,6.5,1.23,12.06,-23.08,-21.14,금융 지원 서비스업,금융 지원 서비스업,2026-08-21,4.25,15,8,12,20,15,5,5,5,85,S,74
161390.KS,161390,한국타이어앤테크놀로지,81757,,타이어 제조,KOSPI,주권,KRX,66300.0,68360.0,68365.0,64169.166666666664,62875.5,5.446477562802682,76700.0,-13.559322033898304,46.2264150943091,-13.56,4.25,nxt_web_latest,NXT 체결가,2026-08-21 20:53 KST,,,-2.26,6.24,39.47,7.0,0.67,9.39,87.63,125.27,4.47,22.99,5814 -> 8998 -> 8795,212023.0,18411.0,9716.0,8.68,4.58,16080.24,-7000.92,26030.8,124452.09,-98421.29,3.47,25.8,2300.0,2805.74,OpenDART,42.19,5.0,False,5.0,OpenDART,,4.0,,,91636.0,,,38.21,,,Naver/FnGuide,,KRW,2026-08-12,2025.0,CFS,11011.0,OpenDART,22.99,2025.0,11011.0,1,0,0,0,,,,,,,고무제품 제조업,고무제품 제조업,2026-08-21,4.25,15,10,6,0,12,0,5,5,53,C,75
090430.KS,090430,아모레퍼시픽,80720,,"화장품,생활용품 제조, 판매",KOSPI,주권,KRX,137300.0,131885.0,119211.66666666667,125762.5,127325.5,7.833858889224861,165100.0,-16.838279830405813,61.695906432723284,15.38,15.67,nxt_web_latest,NXT 체결가,2026-08-21 20:53 KST,,,-60.27,34.27,26.38,26.0,1.74,4.41,26.49,9.46,52.29,14.4,2608 -> 8591 -> 3413,42528.0,3358.0,2473.0,7.9,5.81,5838.4,4925.73,5245.58,14577.56,-9331.98,0.9,36.3,1240.0,856.01,OpenDART,22.17,5.0,True,5.0,OpenDART,,3.94,,,177235.0,,,29.09,,,Naver/FnGuide,,KRW,2026-08-21,2025.0,CFS,11011,OpenDART,14.4,2025.0,11011,3,2,2,2,,,,,,,기타 화학제품 제조업,기타 화학제품 제조업,2026-08-21,4.25,0,6,0,0,8,0,3,5,22,D,76
180640.KS,180640,한진칼,78712,,"지주사업, 경영자문 및 컨설팅",KOSPI,주권,KRX,117900.0,116180.0,117588.33333333333,117699.16666666667,117056.5,0.7205921926591005,173000.0,-31.84971098265896,58.115183246052,12.39,1.46,nxt_web_latest,NXT 체결가,2026-08-21 20:53 KST,,,-68.82,25.59,18.89,46.02,2.25,4.75,20.93,2.12,-115.24,-36.56,5723 -> 7385 -> 2303,2984.0,-75.0,1592.0,-2.51,53.35,1222.26,-458.92,1109.3,7165.31,-6056.01,0.31,15.6,360.0,242.39,OpenDART,28.42,4.0,False,4.0,OpenDART,,,,,,,,,,,,,KRW,2026-08-20,2025.0,CFS,11011.0,OpenDART,-36.56,2025.0,11011.0,18,17,17,16,,8.0,0.96,9.04,475.25,134.38,기타 금융업,기타 금융업,2026-08-21,4.25,0,3,0,0,0,0,3,5,11,D,77
007660.KS,007660,이수페타시스,72895,,"P.C.B(인쇄회로기판),M.L.B 제조",KOSPI,주권,KRX,98900.0,86050.0,103228.33333333333,113770.0,116525.0,-15.125509547307445,161400.0,-38.72366790582404,73.04832713752747,5.89,-29.21,nxt_web_latest,NXT 체결가,2026-08-21 20:53 KST,,,102.24,38.82,16.73,25.0,8.31,29.64,70.53,30.0,100.88,77.17,719 -> 1116 -> 2257,10880.0,2047.0,1605.0,18.81,14.75,1687.53,-128.51,1627.8,5333.13,-3705.33,,11.0,,168.84,OpenDART,,0.0,False,1.0,OpenDART,,4.0,,,177917.0,,,79.9,,,Naver/FnGuide,,KRW,2026-08-12,2025.0,CFS,11011.0,OpenDART,77.17,2025.0,11011.0,6,5,5,5,0.24,55.0,6.4,6.14,-54.55,29.84,전자부품 제조업,전자부품 제조업,2026-08-21,4.25,4,0,20,20,15,10,1,5,75,A,78
352820.KS,352820,하이브,72376,,"음악 기획/제작, 퍼블리싱, 아티스트 매니지먼트",KOSPI,주권,KRX,168100.0,180735.0,201066.66666666666,242800.0,278405.0,-39.62033727842532,404500.0,-58.442521631644006,48.95591647330196,-20.33,-28.77,nxt_web_latest,NXT 체결가,2026-08-21 20:53 KST,,,-95.0,455.33,18.68,39.0,2.21,-7.33,54.46,17.48,-73.21,,4504 -> 225,26499.0,493.0,-2544.0,1.86,-9.6,1074.84,463.79,5349.15,19340.18,-13991.03,0.3,-9.05,500.0,214.73,OpenDART,-15.48,3.0,True,3.0,OpenDART,,4.0,,,328500.0,,,95.42,,,Naver/FnGuide,,KRW,2026-08-19,2025.0,CFS,11011.0,OpenDART,,2025.0,11011.0,1,0,0,0,,,,,,,오디오물 출판 및 원판 녹음업,오디오물 출판 및 원판 녹음업,2026-08-21,4.25,0,3,0,0,0,0,5,3,11,D,79
009830.KS,009830,한화솔루션,72078,,"합성수지,유화부문(LDPE,LLDPE)제품 제조,플라스틱가공품(PVC),CA,무기화학제품,부동산업",KOSPI,주권,KRX,32050.0,30660.0,32982.11666666667,37633.558333333334,34317.44,-6.607252755450296,55179.0,-41.916308740644084,65.85956416460427,6.83,-23.56,daily_close,NXT 미확인,2026-08-21 20:57 KST,,,,,12.67,20.0,0.64,-7.01,196.32,7.58,,,-,133331.0,-3648.0,-6153.0,-2.74,-4.61,-6550.06,-26725.12,24704.61,219589.72,-194885.11,,,,,,,0.0,,2.0,OpenDART,,3.92,,,44835.0,,,39.89,,,Naver/FnGuide,,KRW,2026-08-21,2025.0,CFS,11011,OpenDART,,,,2,0,1,1,,,,,,,기초 화학물질 제조업,기초 화학물질 제조업,2026-08-21,4.25,4,10,0,0,0,0,1,5,20,D,80
039490.KS,039490,키움증권,70291,,"유가증권의 매매, 위탁, 인수, 주선",KOSPI,주권,KRX,268500.0,284200.0,322800.0,377641.6666666667,358940.0,-25.19641165654427,495500.0,-45.81231079717457,40.520446096650055,-14.63,-32.96,nxt_web_latest,NXT 체결가,2026-08-21 20:53 KST,,,38.22,5.91,29.14,4.0,1.02,18.12,1107.51,51.78,35.51,64.21,15021 -> 29304 -> 40504,171217.0,14882.0,11150.0,8.69,6.51,-63999.34,-68600.17,23004.64,744513.63,-721508.99,4.28,27.05,11500.0,3011.1,OpenDART,56.5,5.0,True,5.0,OpenDART,,4.0,,,450588.0,,,67.82,,,Naver/FnGuide,,KRW,2026-08-21,2025.0,CFS,11011,OpenDART,64.21,2025.0,11011,5,4,4,4,0.1,6.5,1.23,12.06,-38.46,-17.07,금융 지원 서비스업,금융 지원 서비스업,2026-08-21,4.25,15,8,16,20,15,10,5,3,92,S,81
064400.KS,064400,LG씨엔에스,69370,,"컨설팅, 시스템 구축/운영, 토탈 아웃소싱 및 AI, 클라우드·스마트팩토리 등 IT신기술 기반의 DX사업",KOSPI,주권,KRX,71600.0,69850.0,80561.66666666667,73780.0,70025.5,2.2484666300133522,143700.0,-50.17397355601948,63.50148367949884,2.43,-13.63,daily_close,NXT 미확인,2026-08-21 20:57 KST,,,8.8,13.5,5.19,15.0,2.28,17.35,79.68,2.46,7.58,9.24,3811 -> 4180 -> 4548,61295.0,5518.0,4392.0,9.0,7.17,4181.68,3649.95,11409.88,23438.36,-12028.48,2.58,40.9,1850.0,1792.39,OpenDART,15.84,5.0,False,5.0,OpenDART,,4.0,,,98182.0,,,37.13,,,Naver/FnGuide,,KRW,2026-08-21,2025.0,CFS,11011,OpenDART,9.24,2025.0,11011,2,1,1,1,1.7,,,,,,"컴퓨터 프로그래밍, 시스템 통합 및 관리업","컴퓨터 프로그래밍, 시스템 통합 및 관리업",2026-08-21,4.25,8,3,16,5,8,5,3,3,51,C,82
005387.KS,005387,현대차2우B,68564,,,KOSPI,주권,KRX,196100.0,197720.0,218356.66666666666,238378.33333333334,235605.0,-16.767470978969037,323500.0,-39.381761978361666,44.79830148618626,-4.57,-28.17,daily_close,NXT 미확인,2026-08-21 20:57 KST,,,-23.26,5.89,25.1,5.0,0.45,8.41,188.95,6.29,-19.46,-9.97,43589 -> 46042 -> 35331,1862545.0,114679.0,103648.0,6.16,5.56,,,,,,,,,,,,,,,,,4.0,,,722000.0,,,268.18,,,Naver/FnGuide,,,2026-08-18,,,,,-9.97,,,2,1,1,1,,,,,,,,,2026-08-21,4.25,15,10,6,0,0,0,5,5,41,C,83
021240.KS,021240,코웨이,67865,,"렌탈 서비스(정수기,비데, 필터교환 등), 가정용기기 도매,판매,제조,폐기물처리설비,수출(정수기,청정기)",KOSPI,주권,KRX,96000.0,94130.0,92300.0,86527.5,86105.0,11.491783287846234,113200.0,-15.19434628975265,58.73015873012611,5.84,2.45,nxt_web_latest,NXT 체결가,2026-08-21 20:53 KST,,,11.66,9.28,54.71,9.0,1.84,18.14,93.71,15.16,10.47,15.76,6386 -> 7664 -> 8558,49636.0,8787.0,6175.0,17.7,12.44,355.44,-2016.74,1821.91,33863.95,-32042.04,,22.2,,1372.89,OpenDART,4.0,0.0,False,2.0,OpenDART,,4.0,,,131667.0,,,37.15,,,Naver/FnGuide,,KRW,2026-08-18,2025.0,CFS,11011.0,OpenDART,15.76,2025.0,11011.0,1,0,0,0,0.77,,,,,,그외 기타 개인 서비스업,그외 기타 개인 서비스업,2026-08-21,4.25,12,3,16,16,12,5,3,5,72,A,84
000100.KS,000100,유한양행,65549,,"의약품(삐콤씨, 안티푸라민, 렉라자, 로수바미브, 코푸시럽 등), 생활용품(유한락스, 해피홈, 유한젠), 동물약품",KOSPI,주권,KRX,82200.0,77955.0,75236.66666666667,84723.33333333333,96340.0,-14.677184969898278,163700.0,-49.78619425778864,67.32283464563218,15.13,-4.2,nxt_web_latest,NXT 체결가,2026-08-21 20:53 KST,,,175.23,75.25,20.44,39.0,2.69,8.81,36.35,5.75,90.16,19.5,1673 -> 868 -> 2389,21866.0,1044.0,1853.0,4.77,8.47,1062.27,-282.5,3485.65,8586.41,-5100.76,0.73,23.1,600.0,448.7,OpenDART,14.47,5.0,False,5.0,OpenDART,,4.0,,,122333.0,,,48.82,,,Naver/FnGuide,,KRW,2026-08-21,2025.0,CFS,11011,OpenDART,19.5,2025.0,11011,2,1,1,1,0.22,,,,,,의약품 제조업,의약품 제조업,2026-08-21,4.25,0,3,6,20,12,10,1,3,55,B,85
326030.KS,326030,SK바이오팜,65548,,신경질환 및 정신질환을 포함한 중추신경 관련 신약 개발,KOSPI,주권,KRX,83100.0,83315.0,84690.0,92203.33333333333,104703.0,-20.632646629036415,140700.0,-40.93816631130064,60.63348416285752,4.27,-14.06,nxt_web_latest,NXT 체결가,2026-08-21 20:53 KST,,,10.9,36.34,12.59,20.0,7.17,39.28,45.03,29.05,111.73,,3074 -> 3409,7067.0,2039.0,2533.0,28.85,35.84,1763.34,1468.23,3077.71,3720.39,-642.68,,,,,,,,,,,,4.0,,,138929.0,,,67.18,,,Naver/FnGuide,,KRW,2026-08-19,2025.0,CFS,11011.0,OpenDART,,,,1,0,0,0,1.83,,,,,,자연과학 및 공학 연구개발업,자연과학 및 공학 연구개발업,2026-08-21,4.25,4,0,20,5,0,5,3,5,42,C,86
047040.KS,047040,대우건설,65457,,"아파트건설,토목공사,건축공사,포장공사,전기공사,무역/중장비 대여",KOSPI,주권,KRX,15930.0,15676.0,18490.5,20408.25,14006.2,13.735345775442298,37150.0,-57.11978465679677,67.36493936042524,-2.51,-45.91,daily_close,NXT 미확인,2026-08-21 20:57 KST,,,-54.26,4.44,11.73,13.0,1.97,-23.89,284.46,-23.32,-302.28,,1231 -> 563,80546.0,-8154.0,-9161.0,-10.12,-11.37,4629.05,3518.74,18288.8,98838.97,-80550.17,,,,,,,,,,,,3.82,,,22969.0,,,44.19,,,Naver/FnGuide,,KRW,2026-08-19,2025.0,CFS,11011.0,OpenDART,,,,1,0,0,0,,,,,,,건물 건설업,건물 건설업,2026-08-21,4.25,8,3,0,0,0,0,1,3,15,D,87
032640.KS,032640,LG유플러스,63112,,"개인휴대통신서비스,음성서비스,데이터서비스,부가통신/단말기 도소매/프로그램 개발,자료제공",KOSPI,주권,KRX,14770.0,14882.0,14898.166666666666,15411.916666666666,15440.85,-4.344644239144868,17810.0,-17.069062324536777,51.61290322554746,-0.14,-4.77,nxt_web_latest,NXT 체결가,2026-08-21 20:53 KST,,,40.79,10.47,84.89,9.0,0.71,6.01,117.06,5.65,3.36,-7.96,1426 -> 858 -> 1208,154517.0,8921.0,5092.0,5.77,3.3,29637.57,9799.29,7943.18,106142.65,-98199.47,,53.73,,2814.72,OpenDART,,0.0,False,1.0,OpenDART,,4.0,,,20139.0,,,36.35,,,Naver/FnGuide,,KRW,2026-08-12,2025.0,CFS,11011.0,OpenDART,-7.96,2025.0,11011.0,3,2,2,2,0.22,,,,,,전기 통신업,전기 통신업,2026-08-21,4.25,12,10,6,20,0,10,5,5,68,B,88
000880.KS,000880,한화,59085,,"화약,화공품,자동선반류,공작기계 제조,전자교환기,건설,정보통신,종합무역/임직원 및 개인대상 교육,세미나 및 워크샵 중계,동영상광고",KOSPI,주권,KRX,83800.0,85060.0,101346.66666666667,114232.5,107702.5,-22.193078155103176,150900.0,-44.46653412856196,0.0,-11.51,-43.45,daily_close,NXT 미확인,2026-08-21 20:57 KST,,,-50.24,10.25,21.07,9.0,0.55,3.3,497.35,34.39,71.64,0.68,3886 -> 7916 -> 3939,747854.0,41469.0,19916.0,5.55,2.66,83201.96,21278.89,146845.82,2408940.93,-2262095.11,1.31,26.49,1100.0,986.77,OpenDART,13.62,5.0,False,5.0,OpenDART,,4.0,,,149571.0,,,78.49,,,Naver/FnGuide,,KRW,2026-08-21,2025.0,CFS,11011,OpenDART,0.68,2025.0,11011,3,2,2,2,,,,,,,기타 화학제품 제조업,기타 화학제품 제조업,2026-08-21,4.25,12,10,0,0,0,0,1,5,28,D,89
377300.KS,377300,카카오페이,57490,,"간편결제, 간편송금 및 기타 금융서비스",KOSPI,주권,KRX,42450.0,42850.0,42495.0,48915.833333333336,50886.5,-16.579053383510363,93800.0,-54.74413646055437,49.736842105226515,-2.08,-12.56,nxt_web_latest,NXT 체결가,2026-08-21 20:53 KST,,,1663.16,1385.54,28.56,46.0,3.08,2.4,173.7,25.08,,,19 -> 335,9584.0,504.0,557.0,5.26,5.81,1186.19,974.69,16314.91,33886.74,-17571.83,,,,,,,,,,,,3.4,,,58667.0,,,38.2,,,Naver/FnGuide,,KRW,2026-08-12,2025.0,CFS,11011.0,OpenDART,,,,5,4,4,4,0.03,5.5,1.02,12.72,736.36,201.96,금융 지원 서비스업,금융 지원 서비스업,2026-08-21,4.25,0,0,0,20,0,10,5,3,38,D,90
241560.KS,241560,두산밥캣,55500,,"Compact Equipment, Heavy Equipment, Portable Power",KOSPI,주권,KRX,58200.0,62195.0,63428.333333333336,64720.0,62811.5,-7.341808426800825,76700.0,-24.11994784876141,44.86486486483092,-16.02,-14.41,nxt_web_latest,NXT 체결가,2026-08-21 20:53 KST,,,-25.84,8.93,39.23,11.0,0.81,5.71,70.77,2.81,-21.26,-32.66,9192 -> 5620 -> 4168,87919.0,6861.0,4023.0,7.8,4.58,,,,,,2.92,40.4,1700.0,1627.3,OpenDART,7.99,5.0,False,5.0,OpenDART,,4.0,,,92583.0,,,59.08,,,Naver/FnGuide,외화 공시 환산 필요,USD,2026-08-18,,,,,-32.66,2025.0,11011.0,3,2,2,2,,,,,,,특수 목적용 기계 제조업,특수 목적용 기계 제조업,2026-08-21,4.25,12,8,6,0,0,0,5,5,36,D,91
267270.KS,267270,HD건설기계,55349,,"굴삭기, 지게차, 휠로더 등",KOSPI,주권,KRX,116600.0,131275.0,133186.66666666666,143910.0,129565.0,-10.006560413691968,198100.0,-41.140837960625944,41.72535211266577,-16.89,-29.12,nxt_web_latest,NXT 체결가,2026-08-21 20:53 KST,,,6.37,11.96,16.58,11.0,1.31,5.74,86.64,9.84,-10.24,-10.94,7077 -> 5277 -> 5613,37765.0,1709.0,870.0,4.53,2.3,1660.36,115.1,3378.73,16723.99,-13345.26,,26.5,,263.39,OpenDART,-35.45,0.0,True,3.0,OpenDART,,4.0,,,204667.0,,,75.53,,,Naver/FnGuide,,KRW,2026-08-19,2025.0,CFS,11011.0,OpenDART,-10.94,2025.0,11011.0,3,2,2,2,1.73,,,,,,특수 목적용 기계 제조업,특수 목적용 기계 제조업,2026-08-21,4.25,12,6,6,5,0,5,5,5,44,C,92
029780.KS,029780,삼성카드,53468,,"신용카드업,상품신용판매,현금서비스,카드론,리스,기업대출,여행업무,통신판매",KOSPI,주권,KRX,46250.0,47390.0,47688.333333333336,51134.583333333336,52712.5,-12.259900403130187,67400.0,-31.379821958456972,43.88489208624254,-3.95,-2.94,nxt_web_latest,NXT 체결가,2026-08-21 20:53 KST,,,-2.81,7.69,5.4,9.0,0.58,7.45,263.01,-0.01,-3.58,2.95,5260 -> 5736 -> 5575,43829.0,8537.0,6459.0,19.48,14.74,-15750.26,-16350.07,8143.69,233114.98,-224971.29,6.05,46.3,2800.0,2987.9,OpenDART,3.85,5.0,False,5.0,OpenDART,,4.0,,,66500.0,,,43.78,,,Naver/FnGuide,,KRW,2026-08-18,2025.0,CFS,11011.0,OpenDART,2.95,2025.0,11011.0,18,17,17,16,,8.0,1.03,9.04,12.5,-43.69,기타 금융업,기타 금융업,2026-08-21,4.25,12,10,6,0,0,0,5,5,38,D,93
128940.KS,128940,한미약품,53229,,의약품,KOSPI,주권,KRX,430500.0,380975.0,407866.6666666667,452079.1666666667,460287.5,-6.471498791516172,626000.0,-31.230031948881788,80.14705882352116,10.67,-8.21,nxt_web_latest,NXT 체결가,2026-08-21 20:53 KST,,,39.76,31.55,14.81,26.0,4.06,14.52,50.23,3.48,19.24,7.68,11415 -> 9470 -> 13235,15475.0,2578.0,1871.0,16.66,12.09,1730.72,965.25,1082.74,7147.44,-6064.7,0.46,14.6,2000.0,253.78,OpenDART,58.74,5.0,False,5.0,OpenDART,,4.0,,,603889.0,,,40.28,,,Naver/FnGuide,,KRW,2026-08-21,2025.0,CFS,11011,OpenDART,7.68,2025.0,11011,2,1,1,1,0.65,,,,,,의약품 제조업,의약품 제조업,2026-08-21,4.25,0,0,12,20,4,10,1,5,52,C,94
001440.KS,001440,대한전선,52232,,"전력선,통신케이블,적산계기,스텐레스압연제품,광케이블,초고압선,알루미늄 제조,도매/전기공사",KOSPI,주권,KRX,26650.0,26937.5,32623.333333333332,36633.75,32320.75,-17.545230231352924,72300.0,-63.139695712309816,61.53846153840391,-14.03,-50.0,daily_close,NXT 미확인,2026-08-21 20:57 KST,,,10.51,31.98,11.97,61.0,3.37,5.48,114.0,10.47,11.63,-5.86,510 -> 409 -> 452,36360.0,1286.0,899.0,3.54,2.47,-1712.8,-3319.76,4388.57,18609.39,-14220.82,,,,,,,,,,,,4.0,,,42643.0,,,60.01,,,Naver/FnGuide,,KRW,2026-08-18,2025.0,CFS,11011.0,OpenDART,-5.86,,,1,0,0,0,5.8,,,,,,절연선 및 케이블 제조업,절연선 및 케이블 제조업,2026-08-21,4.25,0,0,6,0,0,5,3,1,15,D,95
353200.KS,353200,대덕전자,51541,,"PCB(Printed Circuit Board, 인쇄회로기판)의 제조 및 판매",KOSPI,주권,KRX,104300.0,103380.0,130136.66666666667,112919.16666666667,87748.75,18.86209205259334,190900.0,-45.36406495547407,56.61375661374263,-15.34,-38.36,daily_close,NXT 미확인,2026-08-21 20:57 KST,,,100.43,46.49,13.66,26.0,6.4,5.37,31.28,19.41,334.51,36.9,493 -> 461 -> 924,10653.0,491.0,476.0,4.61,4.47,715.52,44.13,338.68,2807.01,-2468.33,0.48,54.1,500.0,257.67,OpenDART,7.72,5.0,True,5.0,OpenDART,,4.08,,,198333.0,,,90.16,,,Naver/FnGuide,,KRW,2026-08-19,2025.0,CFS,11011.0,OpenDART,36.9,2025.0,11011.0,6,5,5,5,0.26,55.0,8.31,6.6,-52.73,-22.98,전자부품 제조업,전자부품 제조업,2026-08-21,4.25,0,0,6,20,15,10,3,3,57,B,96
062040.KS,062040,산일전기,50499,,"유입, 몰드, 주상, 건식 변압기 등",KOSPI,주권,KRX,165600.0,164310.0,198588.33333333334,198214.16666666666,177085.5,-6.4858500554816745,333500.0,-50.3448275862069,61.13402061854788,-9.8,-39.56,nxt_web_latest,NXT 체결가,2026-08-21 20:53 KST,,,52.18,23.98,17.7,26.0,9.21,29.21,16.48,50.27,63.55,-25.48,8807 -> 3214 -> 4891,5019.0,1786.0,1489.0,35.58,29.67,1154.54,989.94,1086.06,964.88,121.18,0.75,25.14,1250.0,379.81,OpenDART,,1.0,,1.0,OpenDART,,4.0,,,278889.0,,,68.41,,,Naver/FnGuide,,KRW,2026-08-18,2025.0,CFS,11011.0,OpenDART,-25.48,2025.0,11011.0,4,3,3,3,0.5,35.0,13.02,24.41,-25.71,-29.26,"전동기, 발전기 및 전기 변환 · 공급 · 제어 장치 제조업","전동기, 발전기 및 전기 변환 · 공급 · 제어 장치 제조업",2026-08-21,4.25,0,0,20,20,0,10,3,3,56,B,97
175330.KS,175330,JB금융지주,49614,,금융지주 회사,KOSPI,주권,KRX,26600.0,27620.0,26350.0,27605.0,26837.0,-0.8831091403659128,37500.0,-29.06666666666667,50.92024539868554,4.11,5.14,nxt_web_latest,NXT 체결가,2026-08-21 20:53 KST,,,6.31,5.16,34.44,7.0,0.85,12.36,1084.16,0.14,5.1,11.34,2975 -> 3469 -> 3688,46305.0,9523.0,7300.0,20.57,15.77,-11374.8,-12524.08,23030.84,669486.72,-646455.88,4.29,30.0,1140.0,2132.51,OpenDART,10.94,5.0,False,5.0,OpenDART,,3.94,,,37375.0,,,40.51,,,Naver/FnGuide,,KRW,2026-08-19,2025.0,CFS,11011.0,OpenDART,11.34,2025.0,11011.0,18,17,17,16,1.11,8.0,1.03,8.82,-12.5,-17.48,기타 금융업,기타 금융업,2026-08-21,4.25,15,8,12,10,8,5,5,5,68,B,98
271560.KS,271560,오리온,49569,,스낵 등 과자류,KOSPI,주권,KRX,125200.0,131670.0,132031.66666666666,133263.33333333334,124222.5,0.7868944836885426,146000.0,-14.246575342465754,39.80891719743448,-3.17,-8.81,nxt_web_latest,NXT 체결가,2026-08-21 20:53 KST,,,-27.05,10.28,38.88,10.0,1.26,10.51,17.55,7.35,2.7,0.8,9527 -> 13269 -> 9680,33324.0,5583.0,3906.0,16.75,11.72,5373.28,3910.12,3113.91,6864.56,-3750.65,2.8,36.2,3500.0,1383.51,OpenDART,54.45,5.0,False,5.0,OpenDART,,4.0,,,179385.0,,,43.28,,,Naver/FnGuide,,KRW,2026-08-19,2025.0,CFS,11011.0,OpenDART,0.8,2025.0,11011.0,2,1,1,1,,,,,,,기타 식품 제조업,기타 식품 제조업,2026-08-21,4.25,12,6,12,0,0,0,5,5,40,C,99
010060.KS,010060,OCI홀딩스,49476,,"타르제품,카본블랙,무수프탈산,농약원제,석탄화학제품,정밀화학제품,플라스틱창호재 제조,판매",KOSPI,주권,KRX,265500.0,241835.0,246138.33333333334,244313.33333333334,193472.0,37.22915977505789,388000.0,-31.572164948453608,68.79718168092117,7.49,-26.25,nxt_web_latest,NXT 체결가,2026-08-21 20:53 KST,,,-86.1,7.35,15.29,31.0,1.2,-2.27,66.35,-5.52,-156.75,,36002 -> 5005,33801.0,-576.0,-1462.0,-1.7,-4.33,5538.79,1812.46,10347.45,31393.44,-21045.99,0.38,-20.77,1000.0,186.7,OpenDART,,2.0,True,4.0,OpenDART,,4.0,,,430000.0,,,61.96,,,Naver/FnGuide,,KRW,2026-08-21,2025.0,CFS,11011,OpenDART,,2025.0,11011,18,17,17,16,,8.0,0.96,9.04,287.5,25.0,기타 금융업,기타 금융업,2026-08-21,4.25,0,8,0,0,0,0,1,5,14,D,100
