yf_symbol,symbol,name,market_cap,price,ma20,ma60,ma120,ma200,diff,peak,peak_diff,rsi,return_20d,return_60d,price_source,price_basis,price_time,after_market_price,after_market_change_pct,eps_growth,hist_per_avg,foreign_supply,per,pbr,roe,debt_ratio,revenue_growth,operating_growth,eps_cagr,eps3y,revenue,operating_income,net_income,operating_margin,net_margin,operating_cashflow,free_cashflow,cash,total_debt,net_cash,dividend_yield,payout_ratio,dividend_per_share,dividend_total,dividend_source,dividend_growth_3y,dividend_consecutive_years,dividend_cut_flag,dividend_history_years,dividend_history_source,sector,industry,analyst_buy_ratio,analyst_opinion_score,analyst_opinion_count,consensus_revision,target_mean,target_high,target_low,target_upside,earnings_surprise_pct,finnhub_source,consensus_source,cashflow_status,financial_currency,fundamental_refreshed_at,dart_year,dart_fs_div,dart_report_code,dart_source,peg,cagr,peer_per_avg,peer_pbr_avg,peer_roe_avg,peer_group_count,peer_per_count,peer_pbr_count,peer_roe_count,peer_per_gap,peer_pbr_gap,data_date,us_10y_bond,score_per,score_pbr,score_roe,score_peg,score_cagr,score_eps3y,score_rsi,score_peak_diff,score,grade,rank
NVDA,NVDA,엔비디아,5103.12,230.36000061035156,220.08200073242188,209.6168327331543,205.08099988301595,196.67945014953614,17.12459051273937,235.74000549316406,-2.2821772959399156,53.6779922488667,2.86,14.94,daily_close,일봉 종가,2026-09-05 15:03 KST,,,127.8,60.85,71.5,27.876263,27.358118,117.21,16.971,105.9,60.08,102.92,1.19 -> 2.94 -> 4.9,215938000000.0,130387000000.0,120067000000.0,60.38,55.6,102718000000.0,96676000000.0,10605000000.0,11040000000.0,-435000000.0,0.43,3.54,1.0,,yfinance,35.72,10.0,False,10.0,yfinance dividend history,Technology,Semiconductors,94.12,4.72,58.0,1.37,323.42,515.0,180.0,40.4,3.44,Finnhub,yfinance,,,2026-09-01,,,,,0.22,102.92,36.29,11.06,34.25,23,21,22,22,-23.18,147.36,2026-09-04,4.25,0,0,20,20,15,10,5,0,70,A,1
GOOGL,GOOGL,알파벳A,4490.91,338.4599914550781,343.6109985351562,350.0858322143555,349.36983286539714,335.9409994506836,0.7498316694042948,402.6199951171875,-15.93562278083949,44.29571112620183,-4.47,-5.03,daily_close,일봉 종가,2026-09-05 15:03 KST,338.7937,0.09859615710773525,294.0,23.78,81.07,17.095688,6.7749925,48.68,18.859,24.2,14.81,36.52,5.8 -> 8.04 -> 10.81,402836000000.0,129039000000.0,132170000000.0,32.03,32.81,164713000000.0,73266000000.0,30708000000.0,59291000000.0,-28583000000.0,0.26,4.26,0.88,,yfinance,,2.0,False,2.0,yfinance dividend history,Communication Services,Internet Content & Information,88.57,4.64,54.0,1.61,428.07,515.0,340.0,26.48,6.53,Finnhub,yfinance,,,2026-09-01,,,,,0.06,36.52,20.56,4.72,23.92,7,6,6,6,-16.85,43.54,2026-09-04,4.25,8,0,20,20,15,10,5,5,83,A,2
GOOG,GOOG,알파벳C,4483.96,335.30999755859375,340.8150009155273,348.18483276367186,347.14966583251953,334.7837992858887,0.15717554846664683,399.0400085449219,-15.970832403175866,43.05428397651442,-5.14,-5.1,daily_close,일봉 종가,2026-09-05 15:03 KST,,,294.0,23.92,60.32,18.83525,7.075802,48.68,18.859,24.2,14.81,36.52,5.8 -> 8.04 -> 10.81,402836000000.0,129039000000.0,132170000000.0,32.03,32.81,164713000000.0,73266000000.0,30708000000.0,59291000000.0,-28583000000.0,0.26,4.26,0.88,,yfinance,,2.0,False,2.0,yfinance dividend history,Communication Services,Internet Content & Information,88.57,4.6,14.0,1.61,421.79,475.0,340.0,25.79,6.53,Finnhub,yfinance,,,2026-09-05,,,,,0.06,36.52,20.54,4.72,23.92,7,6,6,6,-8.3,49.91,2026-09-04,4.25,4,0,20,20,15,10,5,5,79,A,3
AAPL,AAPL,애플,4376.98,319.9700012207031,313.13999938964844,311.55816650390625,294.9658331553141,283.87004943847654,12.717069607602463,340.0799865722656,-5.913310440362891,63.63292332923362,2.12,9.74,daily_close,일봉 종가,2026-09-05 15:03 KST,,,28.7,30.44,66.4,36.29439,43.05027,148.75,78.445,16.4,7.98,10.32,6.13 -> 6.08 -> 7.46,416161000000.0,133050000000.0,112010000000.0,31.97,26.92,111482000000.0,98767000000.0,35934000000.0,98657000000.0,-62723000000.0,0.34,12.04,1.08,,yfinance,4.22,10.0,False,10.0,yfinance dividend history,Technology,Consumer Electronics,68.52,3.82,39.0,1.85,324.45,400.0,215.0,1.4,1.69,Finnhub,yfinance,,,2026-09-01,,,,,1.26,10.32,32.79,11.06,34.25,23,21,22,22,10.69,289.24,2026-09-04,4.25,0,0,20,10,8,8,3,0,49,C,4
MSFT,MSFT,마이크로소프트,2818.35,499.70001220703125,495.7095001220703,433.3526652018229,419.3336654663086,431.04649932861327,15.927170963074957,542.0700073242188,-7.816332677459036,62.10434159346899,-0.06,25.75,daily_close,일봉 종가,2026-09-05 15:03 KST,,,31.7,32.3,75.91,26.81687,8.112818,34.04,29.118,17.7,20.78,23.34,11.8 -> 13.64 -> 17.95,331839000000.0,155237000000.0,133749000000.0,46.78,40.31,182935000000.0,66987000000.0,20935000000.0,56826000000.0,-35891000000.0,0.73,19.83,3.64,,yfinance,10.21,10.0,False,10.0,yfinance dividend history,Technology,Software - Infrastructure,92.75,4.64,53.0,0.1,569.56,870.0,400.0,13.98,6.42,Finnhub,yfinance,,,2026-09-01,,,,,0.85,23.34,36.29,11.36,34.82,23,21,22,22,-26.1,-28.58,2026-09-04,4.25,0,0,20,16,12,10,3,0,61,B,5
AMZN,AMZN,아마존,2628.93,258.510009765625,262.1969985961914,251.32699940999348,248.6099998474121,239.12284996032716,8.107614896909418,284.0199890136719,-8.981754888674015,47.24193034112748,-5.82,8.62,daily_close,일봉 종가,2026-09-05 15:03 KST,,,242.3,41.19,68.74,20.496784,4.9843616,30.56,45.617,19.6,16.59,57.24,2.9 -> 5.53 -> 7.17,716924000000.0,79975000000.0,77670000000.0,11.16,10.83,139514000000.0,7695000000.0,86810000000.0,152987000000.0,-66177000000.0,,0.0,0.0,,yfinance,,,,,,Consumer Cyclical,Internet Retail,93.24,4.69,60.0,-0.09,328.0,405.0,230.0,26.88,5.13,Finnhub,yfinance,,,2026-09-03,,,,,0.08,57.24,22.53,16.36,41.7,8,7,4,4,-9.02,-69.53,2026-09-04,4.25,4,0,20,20,15,10,5,0,74,A,6
AVGO,AVGO,브로드컴,1957.03,357.8999938964844,378.32349853515626,384.3146667480469,386.39441731770836,369.8336503601074,-3.226763289928654,481.57000732421875,-25.680588813014072,29.186252917606467,-16.33,-3.82,daily_close,일봉 종가,2026-09-05 15:03 KST,,,85.4,63.62,80.15,61.71761,20.159523,37.28,74.018,47.9,73.88,20.26,3.3 -> 1.23 -> 4.77,63887000000.0,26075000000.0,23126000000.0,40.81,36.2,27537000000.0,26914000000.0,16178000000.0,65136000000.0,-48958000000.0,0.73,41.26,2.6,,yfinance,12.71,10.0,False,10.0,yfinance dividend history,Technology,Semiconductors,91.07,4.67,46.0,-0.16,525.97,675.0,215.88,46.96,0.51,Finnhub,yfinance,,,2026-09-02,,,,,0.72,20.26,32.79,11.06,34.25,23,21,22,22,88.22,82.27,2026-09-04,4.25,0,0,20,16,12,10,3,5,66,B,7
TSLA,TSLA,테슬라,1504.13,354.0799865722656,348.4394989013672,364.2159978230794,379.12291590372723,399.55844970703123,-11.382180296302542,489.8800048828125,-27.721078010324696,54.969070975104486,7.76,-7.21,daily_close,일봉 종가,2026-09-05 15:03 KST,,,-3.0,176.51,43.7,323.19626,15.722664,4.67,18.373,25.5,-37.51,-49.94,4.31 -> 2.04 -> 1.08,94827000000.0,4849000000.0,3794000000.0,5.11,4.0,14747000000.0,6220000000.0,16513000000.0,14719000000.0,1794000000.0,,0.0,0.0,,yfinance,,,,,,Consumer Cyclical,Auto Manufacturers,49.18,3.65,39.0,0.85,390.09,600.0,125.0,10.17,-7.04,Finnhub,yfinance,,,2026-09-01,,,,,,-49.94,21.21,10.99,45.9,8,7,4,4,1423.79,43.06,2026-09-04,4.25,0,0,0,0,0,0,5,5,10,D,8
META,META,메타 플랫폼스,1465.23,616.77001953125,576.8809967041016,591.251161702474,603.5218302408854,622.29009765625,-0.887058647693494,790.0,-21.927845628955698,69.87691457216644,4.17,8.02,daily_close,일봉 종가,2026-09-05 15:03 KST,615.1974,-0.25497664955329497,-13.4,22.36,79.04,22.988073,6.0160947,29.85,42.997,28.0,20.03,25.69,14.87 -> 23.86 -> 23.49,200966000000.0,83276000000.0,60458000000.0,41.44,30.08,115800000000.0,46109000000.0,35873000000.0,83897000000.0,-48024000000.0,0.34,7.91,2.1,,yfinance,,2.0,False,2.0,yfinance dividend history,Communication Services,Internet Content & Information,87.32,4.65,57.0,0.0,754.77,1000.0,580.0,22.37,0.38,Finnhub,yfinance,,,2026-09-05,,,,,,25.69,18.81,5.1,33.34,7,6,6,6,22.21,17.96,2026-09-04,4.25,4,0,20,0,15,0,1,5,45,C,9
BRK-B,BRK-B,버크셔해서웨이,1055.69,506.0299987792969,505.41299896240236,501.12783203125,489.51124903361,492.4118995666504,2.7655910071692342,539.7999877929688,-6.256018854639876,61.45709872300029,-3.02,4.62,daily_close,일봉 종가,2026-09-05 15:03 KST,506.98,0.1877361466701271,107.8,11.79,66.95,12.624687,0.000967474,12.12,17.142,10.0,,-16.27,44.27 -> 41.27 -> 31.04,410522000000.0,,66968000000.0,,16.31,45969000000.0,25042000000.0,51877000000.0,129081000000.0,-77204000000.0,,0.0,0.0,,yfinance,,,,,,Financial Services,Insurance - Diversified,10.0,4.0,3.0,0.0,547.67,604.0,510.0,8.23,1.4,Finnhub,yfinance,,,2026-09-03,,,,,0.12,-16.27,20.13,3.16,16.9,18,17,17,17,-37.28,-99.97,2026-09-04,4.25,8,10,12,20,0,10,3,0,63,B,10
LLY,LLY,일라이릴리,979.64,1149.3599853515625,1202.5955017089843,1179.760166422526,1077.2454198201497,1063.3270538330078,8.090919083496388,1280.3399658203125,-10.230093878607567,43.42052736295487,-3.07,1.14,daily_close,일봉 종가,2026-09-05 15:03 KST,1146.59,-0.2410024175946327,26.2,66.6,85.44,40.75881,34.79738,102.29,162.071,47.7,74.27,98.92,5.8 -> 11.71 -> 22.95,65179000000.0,29696000000.0,20640000000.0,45.56,31.67,16813000000.0,5964000000.0,7268000000.0,42503000000.0,-35235000000.0,0.6,21.69,6.92,,yfinance,15.24,10.0,False,10.0,yfinance dividend history,Healthcare,Drug Manufacturers - General,78.95,4.29,27.0,0.0,1299.01,1600.0,850.0,13.02,24.79,Finnhub,yfinance,,,2026-09-01,,,,,1.56,98.92,25.03,4.2,14.74,16,15,14,14,62.84,728.51,2026-09-04,4.25,0,0,20,5,15,8,5,5,58,B,11
WMT,WMT,월마트,932.53,107.13999938964844,108.9329990386963,112.2369992574056,118.69408264160157,118.66924953460693,-9.715448770573271,134.1999969482422,-20.163933065535137,36.22076761063781,-4.21,-11.15,daily_close,일봉 종가,2026-09-05 15:03 KST,107.15,0.009334151958688936,-9.1,35.93,38.25,39.245422,9.042876,22.31,71.653,5.9,1.63,19.45,1.91 -> 2.41 -> 2.73,713163000000.0,29825000000.0,21893000000.0,4.18,3.07,41565000000.0,14923000000.0,10727000000.0,67095000000.0,-56368000000.0,0.92,34.96,0.99,,yfinance,7.98,10.0,False,10.0,yfinance dividend history,Consumer Defensive,Discount Stores,87.5,4.47,40.0,-2.08,127.72,155.0,81.0,19.21,2.67,Finnhub,yfinance,,,2026-09-05,,,,,,19.45,22.87,8.28,29.72,9,7,6,6,71.6,9.21,2026-09-04,4.25,0,0,20,0,12,0,5,5,42,C,12
AMD,AMD,AMD,876.24,477.57000732421875,475.1980010986328,503.1990005493164,424.8086673736572,340.99790031433105,40.050717873627924,580.9099731445312,-17.789325471711496,40.09752869919746,-1.2,5.56,daily_close,일봉 종가,2026-09-05 15:03 KST,,,159.5,135.05,75.43,116.36735,11.074264,10.2,6.361,50.1,77.09,123.61,0.53 -> 1.0 -> 2.65,34639000000.0,3694000000.0,4335000000.0,10.66,12.51,7709000000.0,6735000000.0,5539000000.0,3847000000.0,1692000000.0,,0.0,0.0,,yfinance,,,,,,Technology,Semiconductors,83.05,4.52,49.0,0.29,613.84,1250.0,365.0,28.53,5.88,Finnhub,yfinance,,,2026-09-04,,,,,0.73,123.61,32.79,11.35,34.82,23,21,22,22,254.89,-2.43,2026-09-04,4.25,0,0,12,16,15,10,5,5,63,B,13
JPM,JPM,JP모건 체이스,871.43,358.6400146484375,358.3434997558594,346.10633341471356,324.4691670735677,318.34180068969727,12.65878809236893,365.17999267578125,-1.7908916585006225,46.96337967037441,0.31,16.01,daily_close,일봉 종가,2026-09-05 15:03 KST,358.695,0.015331627625655053,46.9,11.94,75.95,15.2591,2.6788063,17.79,,30.4,,11.06,16.23 -> 19.75 -> 20.02,181847000000.0,,57048000000.0,,31.37,-147782000000.0,-147782000000.0,343338000000.0,499982000000.0,-156644000000.0,1.67,25.71,6.0,,yfinance,11.53,10.0,False,10.0,yfinance dividend history,Financial Services,Banks - Diversified,60.0,3.91,20.0,3.33,373.65,420.0,305.0,4.19,4.8,Finnhub,yfinance,,,2026-09-01,,,,,0.33,11.06,20.13,3.16,15.8,18,17,17,17,-24.2,-15.23,2026-09-04,4.25,8,3,16,20,8,10,5,0,70,A,14
INTC,INTC,Intel Corporation,673.43,95.80000305175781,93.94799995422363,105.16016654968261,94.89449984232584,74.15494995117187,29.18895247699359,140.94000244140625,-32.0278122660135,37.63268315300579,-5.76,-10.5,daily_close,일봉 종가,2026-09-05 15:03 KST,95.8811,0.08465234411148907,98.63,65.53,62.53,,5.187511,-10.71,48.997,25.4,6.88,,1.94 -> 0.4,52853000000.0,-23000000.0,-267000000.0,-0.04,-0.51,9697000000.0,-4949000000.0,14265000000.0,46585000000.0,-32320000000.0,,0.0,0.0,,yfinance,,0.0,,9.0,yfinance dividend history,Technology,Semiconductors,34.55,3.48,41.0,0.0,114.88,200.0,75.0,19.92,1086.32,Finnhub,yfinance,,,2026-09-03,,,,,,,34.54,11.36,34.82,23,22,22,22,,-54.34,2026-09-04,4.25,0,0,0,0,0,10,5,5,20,D,15
V,V,비자,622.33,375.07000732421875,371.72650451660155,357.2245030721029,336.4015841166178,334.07019989013673,12.272811956159313,384.1400146484375,-2.3611201588877853,66.09800613843235,3.47,16.14,daily_close,일봉 종가,2026-09-05 15:03 KST,,,10.2,28.2,90.3,32.67234,20.344461,61.19,67.821,14.4,10.39,10.99,8.28 -> 9.73 -> 10.2,40000000000.0,26556000000.0,20058000000.0,66.39,50.14,23059000000.0,21577000000.0,17164000000.0,25171000000.0,-8007000000.0,0.71,22.13,2.68,,yfinance,15.71,10.0,False,10.0,yfinance dividend history,Financial Services,Credit Services,92.16,4.55,37.0,0.32,417.9,460.0,330.0,11.42,0.78,Finnhub,yfinance,,,2026-09-01,,,,,3.2,10.99,20.08,3.06,15.8,18,17,17,17,62.71,564.85,2026-09-04,4.25,0,0,20,0,8,5,1,0,34,D,16
XOM,XOM,엑슨모빌,571.22,159.47000122070312,161.42300109863282,150.926833597819,152.66358337402343,144.74069988250733,10.176336959923676,171.47000122070312,-6.998308692232709,46.588948040681665,4.2,5.88,daily_close,일봉 종가,2026-09-05 15:03 KST,163.13,2.2951017440775643,112.8,12.12,66.3,20.647814,2.5466075,12.58,15.921,44.1,-14.41,-13.19,8.89 -> 7.84 -> 6.7,323905000000.0,33938000000.0,28844000000.0,10.48,8.91,51970000000.0,23612000000.0,10681000000.0,43537000000.0,-32856000000.0,2.58,52.51,4.12,,yfinance,4.06,10.0,False,10.0,yfinance dividend history,Energy,Oil & Gas Integrated,50.0,3.68,22.0,-3.33,169.68,200.0,142.0,6.4,3.84,Finnhub,yfinance,,,2026-09-05,,,,,0.18,-13.19,,,,3,2,2,2,,,2026-09-04,4.25,4,3,12,20,0,10,5,0,54,C,17
ORCL,ORCL,오라클,530.03,158.77999877929688,148.3109992980957,145.9861670176188,161.7839999516805,168.78499980926514,-5.927660065334233,328.3299865722656,-51.64011656780265,61.52823440695402,8.0,-21.11,daily_close,일봉 종가,2026-09-05 15:03 KST,,,21.9,36.02,45.82,26.06175,11.651841,53.38,388.87,20.6,24.33,25.36,3.71 -> 4.34 -> 5.83,67357000000.0,22444000000.0,17087000000.0,33.32,25.37,31977000000.0,-23686000000.0,31289000000.0,156189000000.0,-124900000000.0,1.26,34.31,2.0,,yfinance,14.07,10.0,False,10.0,yfinance dividend history,Technology,Software - Infrastructure,81.63,4.41,42.0,0.0,244.12,400.0,110.0,53.75,9.27,Finnhub,yfinance,,,2026-09-02,,,,,1.19,25.36,36.29,11.06,34.25,23,21,22,22,-28.18,5.35,2026-09-04,4.25,0,0,20,10,15,8,3,3,59,B,18
AMAT,AMAT,"Applied Materials, Inc.",489.96,454.7099914550781,489.46400146484376,544.2146652221679,475.91133244832355,407.0629495239258,11.705079518260552,723.0,-37.10788499929763,17.363103896539357,-15.66,-8.51,daily_close,일봉 종가,2026-09-05 15:03 KST,455.0,0.06377879315865564,42.8,18.74,86.25,39.199135,14.081633,41.07,28.666,24.8,7.66,3.34,8.11 -> 8.61 -> 8.66,28368000000.0,8470000000.0,6998000000.0,29.86,24.67,7958000000.0,5698000000.0,7241000000.0,7050000000.0,191000000.0,0.47,16.48,2.12,,yfinance,20.39,10.0,False,10.0,yfinance dividend history,Technology,Semiconductor Equipment & Materials,86.67,4.54,35.0,0.0,640.89,900.0,358.0,40.94,3.45,Finnhub,yfinance,,,2026-09-05,,,,,0.92,3.34,32.79,11.06,34.25,23,21,22,22,19.55,27.32,2026-09-04,4.25,0,0,20,16,4,10,1,5,56,B,19
CSCO,CSCO,시스코 시스템즈,471.16,109.19999694824219,112.55,115.25133323669434,106.00324993133545,94.75465003967285,15.24500053825454,130.0,-16.00000234750601,35.942227571715875,-10.07,-8.08,daily_close,일봉 종가,2026-09-05 15:03 KST,109.0,-0.18314739361850035,52.1,18.59,83.41,32.792793,8.56941,27.32,62.017,17.6,28.45,-8.86,3.07 -> 2.54 -> 2.55,63325000000.0,16061000000.0,13267000000.0,25.36,20.95,14177000000.0,12767000000.0,7218000000.0,29533000000.0,-22315000000.0,1.54,49.85,1.68,,yfinance,2.58,10.0,False,10.0,yfinance dividend history,Technology,Communication Equipment,68.57,4.18,24.0,-1.13,137.62,170.0,115.0,26.03,0.56,Finnhub,yfinance,,,2026-09-05,,,,,0.63,-8.86,36.29,11.36,34.82,23,21,22,22,-9.64,-24.57,2026-09-04,4.25,0,0,20,20,0,10,5,5,60,B,20
CAT,CAT,"Caterpillar, Inc.",454.06,813.9400024414062,823.7080017089844,888.6981669108073,855.6787495930989,773.2156488037109,5.266881716724496,1064.9000244140625,-23.5665335918028,31.611535244718752,-3.35,-4.93,daily_close,일봉 종가,2026-09-05 15:03 KST,813.2699,-0.08232823542230096,68.2,19.57,73.73,35.05546,19.325243,56.97,232.783,24.0,-14.7,-3.31,20.12 -> 22.05 -> 18.81,67589000000.0,11151000000.0,8884000000.0,16.5,13.14,11739000000.0,7453000000.0,9980000000.0,43330000000.0,-33350000000.0,0.8,26.01,6.52,,yfinance,8.12,10.0,False,10.0,yfinance dividend history,Industrials,Farm & Heavy Construction Machinery,52.94,3.86,26.0,-2.94,979.22,1225.0,575.0,20.31,16.74,Finnhub,yfinance,,,2026-09-05,,,,,0.51,-3.31,35.03,8.64,34.77,9,8,8,8,0.07,123.67,2026-09-04,4.25,0,0,20,20,0,10,3,5,58,B,21
MA,MA,마스터카드,432.77,579.2100219726562,579.6819915771484,546.5399948120117,522.8422477722168,530.3504476928711,9.212695962138612,599.8599853515625,-3.4424638887696166,60.50836592154727,2.89,18.43,daily_close,일봉 종가,2026-09-05 15:03 KST,,,22.1,35.06,91.28,31.94677,91.95435,241.2,439.583,14.1,19.52,18.17,11.83 -> 13.89 -> 16.52,32791000000.0,19514000000.0,14968000000.0,59.51,45.65,17648000000.0,16433000000.0,10566000000.0,19000000000.0,-8434000000.0,0.6,17.93,3.48,,yfinance,15.75,10.0,False,10.0,yfinance dividend history,Financial Services,Credit Services,90.74,4.62,37.0,-1.85,670.92,740.0,550.0,15.83,2.85,Finnhub,yfinance,,,2026-09-03,,,,,1.45,18.17,20.08,3.06,15.8,18,17,17,17,59.1,2905.04,2026-09-04,4.25,0,0,20,10,12,8,3,0,53,C,22
COST,COST,코스트코,421.95,915.739990234375,947.1914947509765,947.2041636149089,974.2743306477864,960.2624481201171,-4.636488490506183,1094.3199462890625,-16.31880663970973,37.48508105442099,-3.38,-6.88,daily_close,일봉 종가,2026-09-05 15:03 KST,916.32,0.06333782206853301,45.5,44.93,74.46,48.21748,25.752724,29.15,60.257,21.5,11.83,13.4,14.16 -> 16.56 -> 18.21,275235000000.0,10383000000.0,8099000000.0,3.77,2.94,13335000000.0,7837000000.0,14161000000.0,8173000000.0,5988000000.0,0.64,27.01,5.88,,yfinance,13.18,10.0,False,10.0,yfinance dividend history,Consumer Defensive,Discount Stores,65.22,4.0,35.0,-1.45,1077.31,1315.0,740.0,17.64,-0.24,Finnhub,yfinance,,,2026-09-05,,,,,1.06,13.4,22.87,8.28,26.3,9,7,6,6,110.83,211.02,2026-09-04,4.25,0,0,20,10,8,10,5,5,58,B,23
BAC,BAC,뱅크오브아메리카,398.83,62.68000030517578,62.940999603271486,60.813499768575035,56.07924982706706,54.87299999237061,14.22739838151848,64.80999755859375,-3.2865257424092174,42.312602744400394,-0.78,14.92,daily_close,일봉 종가,2026-09-05 15:03 KST,,,34.1,11.85,71.32,14.30485,1.5743989,11.2,,16.8,,11.22,3.08 -> 3.21 -> 3.81,113097000000.0,,30509000000.0,,26.98,12613000000.0,12613000000.0,239319000000.0,365904000000.0,-126585000000.0,2.04,25.87,1.28,,yfinance,7.89,10.0,False,10.0,yfinance dividend history,Financial Services,Banks - Diversified,79.31,4.46,22.0,0.0,68.77,75.0,62.0,9.72,6.52,Finnhub,yfinance,,,2026-09-01,,,,,0.42,11.22,20.13,3.16,16.9,18,17,17,17,-28.94,-50.18,2026-09-04,4.25,8,6,12,20,8,10,5,0,69,B,24
GE,GE,GE Aerospace,373.67,337.1199951171875,351.04250183105466,356.43800099690753,327.8383338928223,321.3262005615234,4.915190397815096,381.2200012207031,-11.56812495732206,32.33074474684666,-8.91,5.78,daily_close,일봉 종가,2026-09-05 15:03 KST,337.0,-0.035594185727781606,19.4,275.66,81.18,41.13598,20.107054,48.23,113.225,21.1,28.38,-1.32,8.36 -> 5.99 -> 8.14,45855000000.0,8680000000.0,8704000000.0,18.93,18.98,8537000000.0,7264000000.0,12392000000.0,20495000000.0,-8103000000.0,0.56,19.58,1.88,,yfinance,93.3,10.0,False,10.0,yfinance dividend history,Industrials,Aerospace & Defense,87.5,4.55,21.0,0.0,404.9,455.0,347.0,20.11,9.05,Finnhub,yfinance,,,2026-09-04,,,,,2.12,-1.32,34.77,8.64,34.77,9,8,8,8,18.31,132.72,2026-09-04,4.25,0,0,20,0,0,8,3,5,36,D,25
UNH,UNH,유나이티드헬스,364.13,397.1400146484375,396.91199951171876,410.95716501871743,377.5298324584961,351.49054916381834,12.987394851217871,625.25,-36.483004454468215,51.30585841758701,-2.44,-2.53,daily_close,일봉 종가,2026-09-05 15:03 KST,,,61.5,25.21,89.67,25.02635,3.5797613,14.15,69.211,0.4,-41.26,-25.54,23.86 -> 15.51 -> 13.23,447567000000.0,18964000000.0,12056000000.0,4.24,2.69,19697000000.0,16075000000.0,24365000000.0,78389000000.0,-54024000000.0,2.34,57.52,9.28,,yfinance,10.9,10.0,False,10.0,yfinance dividend history,Healthcare,Healthcare Plans,79.41,4.44,26.0,0.0,475.23,529.0,313.0,19.66,10.15,Finnhub,yfinance,,,2026-09-01,,,,,0.41,-25.54,26.88,4.81,15.92,16,15,14,14,-6.9,-25.58,2026-09-04,4.25,0,0,12,20,0,10,5,5,52,C,26
MS,MS,Morgan Stanley,352.0,217.72000122070312,215.05150146484374,216.44899978637696,201.67699966430663,190.92399948120118,14.034904890068752,228.5500030517578,-4.7385699787552,49.28549844443244,0.64,5.35,daily_close,일봉 종가,2026-09-05 15:03 KST,218.88,0.5327938511818111,62.4,15.32,63.94,17.574242,3.1596878,17.97,517.282,28.0,,40.39,5.18 -> 7.95 -> 10.21,65966000000.0,,16861000000.0,,25.56,-17889000000.0,-20787000000.0,81310000000.0,370538000000.0,-289228000000.0,2.11,32.31,4.6,,yfinance,9.28,10.0,False,10.0,yfinance dividend history,Financial Services,Capital Markets,60.61,3.68,21.0,4.36,236.62,262.0,184.0,8.68,15.27,Finnhub,yfinance,,,2026-09-04,,,,,0.28,40.39,20.13,3.06,15.8,18,17,17,17,-12.7,3.26,2026-09-04,4.25,8,0,16,20,15,10,5,0,74,A,27
PG,PG,프록터앤갬블,350.17,146.44000244140625,144.96949996948243,147.28216705322265,145.9060006459554,147.57060066223144,-0.7661405562839537,179.6999969482422,-18.508622744393033,60.737395176683094,0.45,-1.75,daily_close,일봉 종가,2026-09-05 15:03 KST,147.35,0.6214132364261968,-15.5,23.67,71.92,21.75189,6.265743,30.29,64.49,1.5,-3.44,4.87,6.02 -> 6.51 -> 6.62,87032000000.0,19748000000.0,16046000000.0,22.69,18.44,19556000000.0,15147000000.0,9942000000.0,35026000000.0,-25084000000.0,2.97,64.33,4.35,,yfinance,5.0,10.0,False,10.0,yfinance dividend history,Consumer Defensive,Household & Personal Products,56.76,3.8,23.0,-2.7,160.61,186.0,143.0,9.68,-0.48,Finnhub,yfinance,,,2026-09-03,,,,,,4.87,25.77,8.84,25.73,9,7,6,6,-15.59,-29.12,2026-09-04,4.25,4,0,20,0,4,0,3,5,36,D,28
CVX,CVX,쉐브론,345.8,208.60000610351562,203.24100189208986,188.95250040690104,190.3800837198893,181.11985008239745,15.172360185046829,211.77999877929688,-1.501554771041069,61.84740355146945,11.81,9.91,daily_close,일봉 종가,2026-09-05 15:03 KST,,,321.9,14.21,70.53,19.046242,2.0423553,12.23,18.959,53.5,-11.86,-23.6,11.36 -> 9.72 -> 6.63,184432000000.0,16674000000.0,12299000000.0,9.04,6.67,33939000000.0,16592000000.0,6293000000.0,40758000000.0,-34465000000.0,3.41,67.18,7.12,,yfinance,6.39,10.0,False,10.0,yfinance dividend history,Energy,Oil & Gas Integrated,83.87,4.28,24.0,7.2,216.96,236.0,175.0,4.01,16.82,Finnhub,yfinance,,,2026-09-03,,,,,0.06,-23.6,,,,3,2,2,2,,,2026-09-04,4.25,4,3,12,20,0,10,3,0,52,C,29
KO,KO,코카콜라,341.57,88.06999969482422,88.85799980163574,85.16349957784017,81.54091676076253,78.44609996795654,12.268168501428143,91.98999786376953,-4.261330862025395,54.638282223795336,1.17,5.36,daily_close,일봉 종가,2026-09-05 15:04 KST,88.1492,0.08992881281959299,18.2,23.92,68.33,25.768024,10.516888,43.37,124.943,12.1,6.34,10.94,2.47 -> 2.46 -> 3.04,47941000000.0,14911000000.0,13107000000.0,31.1,27.34,7408000000.0,5296000000.0,10270000000.0,45492000000.0,-35222000000.0,2.41,64.78,2.12,,yfinance,5.04,10.0,False,10.0,yfinance dividend history,Consumer Defensive,Beverages - Non-Alcoholic,82.86,4.25,23.0,0.51,88.3,98.0,75.0,0.26,1.67,Finnhub,yfinance,,,2026-09-01,,,,,1.42,10.94,22.87,8.28,25.73,9,7,6,6,12.67,27.02,2026-09-04,4.25,0,0,20,10,8,8,5,0,51,C,30
HD,HD,홈디포,333.32,321.04998779296875,334.6604965209961,337.9673309326172,330.76683197021487,343.90449890136716,-6.645598176647627,431.3699951171875,-25.574334926621127,31.844656093431254,-9.72,0.67,daily_close,일봉 종가,2026-09-05 15:04 KST,320.9197,-0.040581777892104896,4.6,23.05,76.93,23.677645,20.211761,104.3,376.524,5.7,-2.95,-2.96,15.11 -> 14.91 -> 14.23,164683000000.0,20890000000.0,14156000000.0,12.68,8.6,16325000000.0,12646000000.0,1389000000.0,65350000000.0,-63961000000.0,2.9,64.8,9.32,,yfinance,6.58,10.0,False,10.0,yfinance dividend history,Consumer Cyclical,Home Improvement Retail,60.87,4.06,32.0,0.0,377.5,425.0,310.0,17.58,-0.69,Finnhub,yfinance,,,2026-09-05,,,,,5.15,-2.96,21.21,10.35,26.35,8,7,4,4,11.63,95.28,2026-09-04,4.25,4,0,20,0,0,2,3,5,34,D,31
NFLX,NFLX,넷플릭스,325.83,78.25,79.30999984741212,75.61316604614258,83.65233294169109,86.8834997177124,-9.936869193532658,133.91299438476562,-41.56653701942612,55.853014484407936,5.54,-4.57,daily_close,일봉 종가,2026-09-05 15:03 KST,,,11.1,37.65,84.05,25.0283,10.991575,49.54,55.236,13.4,27.92,45.02,1.2 -> 1.98 -> 2.53,45183036000.0,13326603000.0,10981201000.0,29.49,24.3,10149273000.0,9461053000.0,9033681000.0,14462836000.0,-5429155000.0,,0.0,0.0,,yfinance,,,,,,Communication Services,Entertainment,75.86,4.24,45.0,-1.73,93.42,135.0,70.0,19.39,-7.14,Finnhub,yfinance,,,2026-09-01,,,,,2.25,45.02,18.81,4.72,23.92,7,6,6,6,33.06,132.87,2026-09-04,4.25,0,0,20,0,15,5,3,5,48,C,32
GS,GS,"Goldman Sachs Group, Inc. (The)",323.49,1038.6099853515625,1033.1370086669922,1049.8151692708334,988.367083231608,948.0808511352539,9.548672363533866,1152.0699462890625,-9.84835697719278,46.90965862426804,-0.1,3.73,daily_close,일봉 종가,2026-09-05 15:03 KST,,,92.3,14.24,75.96,15.507488,2.7742653,16.9,725.381,42.5,38.6,49.8,22.87 -> 40.54 -> 51.32,58283000000.0,,17176000000.0,,29.47,-45154000000.0,-47218000000.0,164259000000.0,386150000000.0,-221891000000.0,1.93,26.25,20.0,,yfinance,15.87,10.0,False,10.0,yfinance dividend history,Financial Services,Capital Markets,46.88,,20.0,0.0,1141.65,1325.0,730.0,9.92,17.17,Finnhub,yfinance,,,2026-09-03,,,,,0.17,49.8,20.13,3.16,15.8,18,17,17,17,-22.96,-12.21,2026-09-04,4.25,8,3,16,20,15,10,5,0,77,A,33
TXN,TXN,Texas Instruments Incorporated,293.83,258.44000244140625,266.55499877929685,284.9179977416992,270.31649958292644,239.3794500732422,7.962484817444502,332.2799987792969,-22.222221201744908,28.28749017021228,-9.66,-8.36,daily_close,일봉 종가,2026-09-05 15:04 KST,253.42,-1.9424246997306085,51.8,25.9,92.02,42.38222,14.504892,35.18,78.036,22.8,14.96,-12.2,7.07 -> 5.2 -> 5.45,17682000000.0,6140000000.0,5001000000.0,34.72,28.28,7153000000.0,2603000000.0,3225000000.0,14048000000.0,-10823000000.0,2.2,85.41,5.68,,yfinance,5.45,10.0,False,10.0,yfinance dividend history,Technology,Semiconductors,46.51,3.83,31.0,3.33,324.45,405.0,225.0,25.54,6.68,Finnhub,yfinance,,,2026-09-02,,,,,0.82,-12.2,32.79,11.06,34.25,23,21,22,22,29.25,31.15,2026-09-04,4.25,0,0,20,16,0,10,3,5,54,C,34
PM,PM,Philip Morris International Inc,278.05,182.52999877929688,188.62350006103514,186.57866668701172,178.49016723632812,174.39990005493163,4.6617565272712085,200.1699981689453,-8.812509142733827,46.90320204065971,-3.71,-0.23,daily_close,일봉 종가,2026-09-05 15:04 KST,183.5,0.5314201650085946,-7.5,158.14,84.17,25.916323,-34.307243,,,10.4,11.42,20.26,0.63 -> 0.57 -> 0.91,40648000000.0,14933000000.0,11348000000.0,36.74,27.92,12233000000.0,10664000000.0,4872000000.0,48835000000.0,-43963000000.0,3.22,80.73,5.88,,yfinance,3.82,10.0,False,10.0,yfinance dividend history,Consumer Defensive,Tobacco,74.07,4.25,15.0,0.99,203.8,225.0,175.0,11.65,2.23,Finnhub,yfinance,,,2026-09-05,,,,,,20.26,22.87,8.64,29.15,9,7,7,7,13.32,,2026-09-04,4.25,0,0,0,0,12,0,5,0,17,D,35
WFC,WFC,Wells Fargo & Company,251.55,89.97000122070312,86.87550010681153,86.16316668192546,82.68491687774659,84.99350009918213,5.85515494209996,96.38999938964844,-6.660440097102825,60.667246666864344,3.12,9.76,daily_close,일봉 종가,2026-09-05 15:04 KST,89.97,-1.3567890514332578e-06,25.0,12.2,78.81,12.334299,1.6022484,12.57,,9.5,29.45,13.84,4.83 -> 5.37 -> 6.26,83699000000.0,,21338000000.0,,25.49,-19001000000.0,-19001000000.0,174210000000.0,193035000000.0,-18825000000.0,2.22,26.16,2.0,,yfinance,15.62,10.0,False,10.0,yfinance dividend history,Financial Services,Banks - Diversified,66.67,4.12,23.0,-5.74,100.24,115.0,90.0,11.41,4.4,Finnhub,yfinance,,,2026-09-01,,,,,0.49,13.84,20.13,3.16,16.9,18,17,17,17,-38.73,-49.3,2026-09-04,4.25,8,6,12,20,8,8,3,0,65,B,36
RTX,RTX,RTX Corporation,249.94,200.7899932861328,213.7870002746582,203.99633331298827,194.51883341471355,193.09039978027343,3.9875589436974126,225.49000549316406,-10.95392771533728,21.80147658890087,-9.97,13.18,daily_close,일봉 종가,2026-09-05 15:03 KST,,,28.7,32.79,81.7,37.322186,4.3043656,12.27,57.02,14.5,42.25,49.14,2.23 -> 3.55 -> 4.96,88603000000.0,9300000000.0,6732000000.0,10.5,7.6,10567000000.0,7448000000.0,7435000000.0,39506000000.0,-32071000000.0,1.45,48.77,2.92,,yfinance,7.32,10.0,False,10.0,yfinance dividend history,Industrials,Aerospace & Defense,66.67,4.13,22.0,0.0,234.82,265.0,200.0,16.95,13.19,Finnhub,yfinance,,,2026-09-01,,,,,1.3,49.14,34.77,8.99,43.14,9,8,8,8,7.34,-52.12,2026-09-04,4.25,0,0,12,10,15,8,1,5,51,C,37
QCOM,QCOM,QUALCOMM Incorporated,238.32,168.74000549316406,164.02050018310547,176.3758336385091,174.33983370463054,167.8281499481201,0.5433269361104357,251.02000427246094,-32.778263635908836,61.30258224150585,0.52,-11.75,daily_close,일봉 종가,2026-09-05 15:04 KST,168.6358,-0.061755060905396855,-23.0,19.11,83.16,19.420507,6.442084,33.75,55.21,-4.0,20.88,-11.66,6.42 -> 8.97 -> 5.01,44284000000.0,12394000000.0,5541000000.0,27.99,12.51,14012000000.0,12820000000.0,5520000000.0,14811000000.0,-9291000000.0,2.18,41.03,3.68,,yfinance,6.31,10.0,False,10.0,yfinance dividend history,Technology,Semiconductors,40.82,3.44,30.0,0.0,193.1,400.0,100.0,14.44,0.38,Finnhub,yfinance,,,2026-09-04,,,,,,-11.66,36.29,11.36,34.82,23,21,22,22,-46.49,-43.29,2026-09-04,4.25,4,0,20,0,0,0,3,5,32,D,38
LIN,LIN,Linde plc,236.79,477.57000732421875,484.61800079345704,504.15449981689454,502.67408320109047,480.47630004882814,-0.6048774360596009,546.6400146484375,-12.635373458461505,53.66021997752428,-2.53,-6.2,daily_close,일봉 종가,2026-09-05 15:03 KST,,,11.3,32.12,88.76,31.645544,5.6551228,18.4,68.947,9.3,7.67,7.72,12.59 -> 13.62 -> 14.61,33986000000.0,9254000000.0,6898000000.0,27.23,20.3,10350000000.0,5089000000.0,5056000000.0,28069000000.0,-23013000000.0,1.34,40.0,6.4,,yfinance,8.63,10.0,False,10.0,yfinance dividend history,Basic Materials,Specialty Chemicals,73.33,4.3,25.0,-5.98,547.24,612.0,400.0,14.59,-0.19,Finnhub,yfinance,,,2026-09-02,,,,,2.8,7.72,,,,2,1,1,1,,,2026-09-04,4.25,0,0,16,0,4,5,5,5,35,D,39
IBM,IBM,International Business Machines,234.13,234.88999938964844,234.31349868774413,245.0661651611328,246.21233240763345,262.3230495452881,-10.457735301260113,329.2300109863281,-28.654742413685163,56.611199891791884,-1.01,-13.76,daily_close,일봉 종가,2026-09-05 15:03 KST,,,-1.8,36.42,66.71,20.570553,6.418453,34.46,188.97,1.1,24.0,17.14,8.14 -> 6.43 -> 11.17,67536000000.0,12492000000.0,10593000000.0,18.5,15.68,13193000000.0,11455000000.0,13587000000.0,64607000000.0,-51020000000.0,2.88,59.77,6.76,,yfinance,0.6,10.0,False,10.0,yfinance dividend history,Technology,Information Technology Services,51.61,3.8,23.0,-3.23,245.35,350.0,174.0,4.45,3.33,Finnhub,yfinance,,,2026-09-04,,,,,,17.14,36.29,11.36,34.61,23,21,22,22,-43.32,-43.5,2026-09-04,4.25,4,0,20,0,12,0,3,5,44,C,40
AXP,AXP,American Express Company,230.63,326.1600036621094,335.4384994506836,340.52533264160155,326.5354159037272,337.11259979248047,-3.2489429754667376,384.8900146484375,-15.258907415400921,37.969837455619974,-4.33,4.09,daily_close,일봉 종가,2026-09-05 15:03 KST,,,11.0,18.82,65.89,20.126415,6.6460567,34.38,172.38,12.8,,17.13,11.21 -> 14.01 -> 15.38,72230000000.0,,10833000000.0,,15.0,18428000000.0,16003000000.0,47708000000.0,57759000000.0,-10051000000.0,1.17,21.48,3.8,,yfinance,16.67,10.0,False,10.0,yfinance dividend history,Financial Services,Credit Services,50.0,3.77,25.0,4.29,374.54,450.0,315.0,14.83,2.13,Finnhub,yfinance,,,2026-09-04,,,,,1.83,17.13,20.08,3.06,15.8,18,17,17,17,0.23,117.19,2026-09-04,4.25,4,0,20,5,12,5,5,5,56,B,41
MCD,MCD,McDonald's Corporation,197.95,255.69000244140625,267.1125015258789,270.9966674804688,282.22658411661786,295.9422505187988,-13.601386083544584,341.05999755859375,-25.030785119419065,35.41791598151576,-6.85,-9.5,daily_close,일봉 종가,2026-09-05 15:04 KST,256.0,0.1212396087581832,5.7,25.62,76.43,21.211208,-180.57399,,,3.7,4.58,1.67,11.56 -> 11.39 -> 11.95,26885000000.0,12394000000.0,8563000000.0,46.1,31.85,10551000000.0,7186000000.0,774000000.0,54814000000.0,-54040000000.0,2.91,59.71,7.44,,yfinance,8.2,10.0,False,10.0,yfinance dividend history,Consumer Cyclical,Restaurants,60.98,3.94,31.0,2.44,315.39,407.0,250.0,23.35,0.09,Finnhub,yfinance,,,2026-09-02,,,,,3.72,1.67,22.53,15.72,30.56,8,7,5,5,-5.85,,2026-09-04,4.25,4,0,0,0,0,5,5,5,19,D,42
TMUS,TMUS,"T-Mobile US, Inc.",196.6,181.52000427246094,181.5895004272461,181.81666717529296,188.32350018819173,194.5910001373291,-6.717163617866985,272.8299865722656,-33.467722315640344,52.34115408171714,2.44,-2.17,daily_close,일봉 종가,2026-09-05 15:04 KST,181.47,-0.027547527150716893,5.3,32.59,43.47,18.787657,3.4310768,17.99,214.035,7.9,3.04,18.43,6.93 -> 9.66 -> 9.72,88309000000.0,18557000000.0,10992000000.0,21.01,12.45,27950000000.0,15427000000.0,5598000000.0,122269000000.0,-116671000000.0,2.25,41.21,4.08,,yfinance,,3.0,False,3.0,yfinance dividend history,Communication Services,Telecom Services,83.78,4.3,24.0,0.0,243.38,300.0,169.0,34.08,4.98,Finnhub,yfinance,,,2026-09-01,,,,,3.54,18.43,20.56,6.4,39.26,7,6,6,6,-8.62,-46.39,2026-09-04,4.25,4,0,16,0,12,5,5,5,47,C,43
PEP,PEP,펩시코,194.13,137.6300048828125,140.54900054931642,140.18083318074545,145.99574966430663,148.7824998474121,-7.49583786805394,179.3000030517578,-23.24037783586462,48.36285570477993,-1.0,-4.64,daily_close,일봉 종가,2026-09-05 15:04 KST,137.82,0.13804774427587058,137.0,23.3,81.53,18.393421,8.64128,51.51,238.949,6.4,4.42,-4.36,6.56 -> 6.95 -> 6.0,93925000000.0,13491000000.0,8240000000.0,14.36,8.77,12087000000.0,7672000000.0,9159000000.0,49901000000.0,-40742000000.0,4.3,75.33,5.92,,yfinance,7.52,10.0,False,10.0,yfinance dividend history,Consumer Defensive,Beverages - Non-Alcoholic,40.0,3.33,22.0,0.0,155.0,183.0,124.0,12.62,0.48,Finnhub,yfinance,,,2026-09-02,,,,,0.13,-4.36,25.77,8.48,25.73,9,7,6,6,-28.62,1.9,2026-09-04,4.25,4,0,20,20,0,10,5,5,64,B,44
AMGN,AMGN,Amgen Inc.,182.21,437.2300109863281,431.4414978027344,388.9321665445963,365.50625076293943,358.44660079956054,21.979120463419434,444.1199951171875,-1.5513789531230975,61.61959896481351,6.39,29.46,daily_close,일봉 종가,2026-09-05 15:03 KST,,,64.9,24.13,85.12,26.884304,19.88344,91.47,490.281,9.5,25.1,6.74,12.49 -> 7.56 -> 14.23,36751000000.0,9080000000.0,7711000000.0,24.71,20.98,9958000000.0,8100000000.0,9129000000.0,54604000000.0,-45475000000.0,2.31,60.87,10.08,,yfinance,7.05,10.0,False,10.0,yfinance dividend history,Healthcare,Drug Manufacturers - General,48.84,3.53,29.0,0.0,388.48,457.0,230.0,-11.15,8.95,Finnhub,yfinance,,,2026-09-01,,,,,0.41,6.74,25.03,4.2,14.74,16,15,14,14,7.41,373.42,2026-09-04,4.25,0,0,20,20,4,10,3,0,57,B,45
NEE,NEE,"NextEra Energy, Inc.",180.93,83.43000030517578,84.45799980163574,86.51950009663899,88.97358360290528,87.81060024261474,-4.9886914852371556,97.87999725341797,-14.762972367919222,33.333333277578674,-1.44,-1.99,daily_close,일봉 종가,2026-09-05 15:03 KST,,,53.1,24.14,87.15,18.797754,3.0542574,11.68,161.676,12.4,12.53,-4.52,3.6 -> 3.37 -> 3.28,27412000000.0,8020000000.0,6835000000.0,29.26,24.93,12485000000.0,3211000000.0,2812000000.0,95619000000.0,-92807000000.0,2.98,53.47,2.49,,yfinance,10.09,10.0,False,10.0,yfinance dividend history,Utilities,Utilities - Regulated Electric,65.52,4.0,18.0,0.0,98.5,116.0,55.0,18.06,6.77,Finnhub,yfinance,,,2026-09-01,,,,,0.35,-4.52,,,,3,2,2,2,,,2026-09-04,4.25,4,0,12,20,0,10,3,5,54,C,46
DIS,DIS,Walt Disney Company (The),180.41,105.30999755859375,106.58450012207031,101.22900047302247,101.28458366394042,103.96305027008057,1.2956019326231856,124.01000213623047,-15.079432509882498,54.57763569083616,0.38,6.79,daily_close,일봉 종가,2026-09-05 15:03 KST,,,-48.3,41.28,78.66,22.28866,1.699632,8.01,39.404,6.8,16.1,130.44,1.29 -> 2.72 -> 6.85,94425000000.0,13832000000.0,12404000000.0,14.65,13.14,18101000000.0,10077000000.0,5695000000.0,44877000000.0,-39182000000.0,1.42,30.93,1.5,,yfinance,,3.0,False,7.0,yfinance dividend history,Communication Services,Entertainment,89.19,4.58,32.0,0.3,127.84,160.0,88.0,21.39,5.52,Finnhub,yfinance,,,2026-09-03,,,,,,130.44,18.81,6.4,39.26,7,6,6,6,18.49,-73.44,2026-09-04,4.25,4,6,6,0,15,0,5,5,41,C,47
TMO,TMO,Thermo Fisher Scientific Inc,172.66,613.780029296875,611.9309997558594,554.7606694539388,517.1165003458659,536.0712507629395,14.49597948469349,639.4500122070312,-4.014384614922053,63.306045707991345,3.33,27.33,daily_close,일봉 종가,2026-09-05 15:04 KST,611.5,-0.3714733598430894,9.4,32.43,94.15,34.125473,4.4479303,13.51,80.575,10.5,5.09,7.16,15.45 -> 16.53 -> 17.74,44557000000.0,8110000000.0,6704000000.0,18.2,15.05,7818000000.0,6293000000.0,9852000000.0,39385000000.0,-29533000000.0,0.31,9.69,1.88,,yfinance,12.75,10.0,False,10.0,yfinance dividend history,Healthcare,Diagnostics & Research,80.56,4.46,26.0,0.0,631.42,750.0,520.0,2.87,3.16,Finnhub,yfinance,,,2026-09-01,,,,,3.63,7.16,25.03,4.56,15.92,16,15,14,14,36.34,-2.46,2026-09-04,4.25,0,0,12,0,4,5,3,0,24,D,48
ABT,ABT,Abbott Laboratories,153.99,108.33000183105469,111.8935001373291,101.91349983215332,97.99016660054525,106.3054499053955,1.904466730032085,140.22000122070312,-22.74283205821279,44.91525323900428,0.48,21.49,daily_close,일봉 종가,2026-09-05 15:03 KST,,,-47.5,26.29,81.89,36.911392,3.9489453,10.58,63.212,13.0,17.99,6.82,3.26 -> 7.64 -> 3.72,44328000000.0,8053000000.0,6524000000.0,18.17,14.72,9566000000.0,7395000000.0,8522000000.0,13860000000.0,-5338000000.0,2.33,78.96,2.52,,yfinance,7.87,10.0,False,10.0,yfinance dividend history,Healthcare,Medical Devices,72.73,4.41,25.0,1.3,119.4,135.0,103.0,10.22,-0.22,Finnhub,yfinance,,,2026-09-01,,,,,,6.82,25.03,4.81,15.92,16,15,14,14,47.47,-17.9,2026-09-04,4.25,0,0,12,0,4,0,5,5,26,D,49
UNP,UNP,Union Pacific Corporation,152.51,289.6199951171875,299.385498046875,288.5998336791992,273.1100840250651,260.2784008026123,11.273157597440076,310.6199951171875,-6.760672310253993,35.52927650781615,-1.2,8.46,daily_close,일봉 종가,2026-09-05 15:03 KST,,,6.6,19.51,91.32,23.694984,8.954079,39.7,150.772,11.5,1.37,7.07,10.45 -> 11.09 -> 11.98,24510000000.0,9846000000.0,7138000000.0,40.17,29.12,9290000000.0,5499000000.0,1266000000.0,32822000000.0,-31556000000.0,1.96,44.7,5.68,,yfinance,2.31,10.0,False,10.0,yfinance dividend history,Industrials,Railroads,67.74,4.2,24.0,2.22,329.25,375.0,245.0,13.68,1.49,Finnhub,yfinance,,,2026-09-01,,,,,3.59,7.07,35.32,8.67,38.21,9,8,8,8,-32.91,3.28,2026-09-04,4.25,4,0,20,0,4,5,5,0,38,D,50
HON,HON,Honeywell International Inc.,145.11,209.61000061035156,221.2604995727539,230.31700083414714,231.9717322031657,229.74376327514648,-8.76357311196398,260.1363525390625,-19.423026207428588,24.380150624551177,-14.87,-2.92,daily_close,일봉 종가,2026-09-05 15:04 KST,209.8,0.0906442388699014,263.9,12.77,84.61,8.36061,3.6508968,46.58,185.369,4.3,-1.51,-6.78,16.94 -> 17.42 -> 14.72,37442000000.0,6567000000.0,4729000000.0,17.54,12.63,6408000000.0,5422000000.0,12487000000.0,35563000000.0,-23076000000.0,1.34,36.14,2.8,,yfinance,5.43,10.0,False,10.0,yfinance dividend history,Industrials,Conglomerates,64.52,4.08,22.0,2.02,264.09,303.0,186.0,25.99,1.8,Finnhub,yfinance,,,2026-09-01,,,,,0.03,-6.78,35.32,8.99,34.77,9,8,8,8,-76.33,-59.39,2026-09-04,4.25,12,0,20,20,0,10,1,5,68,B,51
PFE,PFE,"Pfizer, Inc.",143.68,28.450000762939453,27.794999885559083,25.869333267211914,26.240083312988283,26.164750003814696,8.734082147895847,30.190000534057617,-5.763496986875685,65.67460531989394,6.32,11.13,daily_close,일봉 종가,2026-09-05 15:03 KST,,,-10.1,27.66,69.36,18.229008,1.5104363,8.31,71.602,5.4,16.53,91.72,0.37 -> 1.41 -> 1.36,62579000000.0,17407000000.0,7771000000.0,27.82,12.42,11704000000.0,9075000000.0,1142000000.0,63961000000.0,-62819000000.0,6.05,131.3,1.72,,yfinance,,,,,,Healthcare,Drug Manufacturers - General,41.67,,,-2.77,,,,,21.68,Finnhub,,,,2026-09-01,,,,,,91.72,26.88,4.81,15.92,16,15,14,14,-32.18,-68.6,2026-09-04,4.25,4,6,6,0,15,0,1,0,32,D,52
COP,COP,ConocoPhillips,131.26,134.25999450683594,130.83500022888182,118.60633354187011,120.49700056711832,112.73725032806396,19.091067163817694,137.1999969482422,-2.142858969971659,64.36534993541483,14.16,11.96,daily_close,일봉 종가,2026-09-05 15:04 KST,134.5,0.1787617331921181,107.0,11.47,87.4,16.662304,2.3402026,14.18,35.639,35.5,-11.27,-16.28,9.06 -> 7.81 -> 6.35,58944000000.0,11342000000.0,7988000000.0,19.24,13.55,19796000000.0,7243000000.0,6497000000.0,23444000000.0,-16947000000.0,2.5,43.65,3.36,,yfinance,-13.95,10.0,False,10.0,yfinance dividend history,Energy,Oil & Gas E&P,70.97,4.36,24.0,0.0,143.83,189.0,126.0,7.13,6.71,Finnhub,yfinance,,,2026-09-02,,,,,0.16,-16.28,,,,3,2,2,2,,,2026-09-04,4.25,8,3,12,20,0,10,3,0,56,B,53
LOW,LOW,"Lowe's Companies, Inc.",124.59,204.4499969482422,212.26699981689453,214.3936663309733,222.0788330078125,236.23395050048828,-13.454439332241702,287.3900146484375,-28.859742326696818,33.14539814784045,-8.46,-5.43,daily_close,일봉 종가,2026-09-05 15:03 KST,,,0.0,19.34,81.42,17.282333,-15.422041,,,8.3,-2.99,-5.25,13.2 -> 12.23 -> 11.85,86286000000.0,10153000000.0,6654000000.0,11.77,7.71,9864000000.0,7651000000.0,982000000.0,44677000000.0,-43695000000.0,2.45,41.0,5.0,,yfinance,8.3,10.0,False,10.0,yfinance dividend history,Consumer Cyclical,Home Improvement Retail,68.29,4.2,33.0,0.0,253.76,290.0,191.0,24.12,1.76,Finnhub,yfinance,,,2026-09-05,,,,,,-5.25,22.53,15.72,30.56,8,7,5,5,-23.29,,2026-09-04,4.25,8,0,0,0,0,0,3,5,16,D,54
CRM,CRM,세일즈포스,124.31,259.2300109863281,220.91699905395507,185.90683314005534,184.072500483195,200.74655059814452,29.1329839610824,367.8699951171875,-29.53216776928256,88.15967753158183,34.5,51.67,daily_close,일봉 종가,2026-09-05 15:03 KST,,,118.9,233.06,87.56,24.204483,5.559058,19.38,110.417,10.8,16.32,36.28,4.2 -> 6.36 -> 7.8,41525000000.0,8917000000.0,7457000000.0,21.47,17.96,14996000000.0,14402000000.0,7327000000.0,17176000000.0,-9849000000.0,0.68,15.68,1.76,,yfinance,,2.0,False,2.0,yfinance dividend history,Technology,Software - Application,74.58,4.29,54.0,0.44,270.84,475.0,160.0,4.48,34.54,Finnhub,yfinance,,,2026-09-05,,,,,0.2,36.28,36.29,11.36,34.82,23,21,22,22,-33.3,-51.06,2026-09-04,4.25,4,0,16,20,15,10,1,5,71,A,55
SPGI,SPGI,S&P Global Inc.,121.63,443.510009765625,428.74550170898436,420.3556335449219,410.86600596110026,430.10238510131836,3.1173100007683594,533.7275390625,-16.903292915209768,68.94967543712323,8.65,9.95,daily_close,일봉 종가,2026-09-05 15:03 KST,,,17.7,37.57,90.91,26.242283,4.216742,14.26,42.98,10.4,12.76,33.46,8.23 -> 12.35 -> 14.66,15336000000.0,6177000000.0,4471000000.0,40.28,29.15,5651000000.0,5456000000.0,1745000000.0,13582000000.0,-11837000000.0,0.87,23.49,3.88,,yfinance,4.97,10.0,False,10.0,yfinance dividend history,Financial Services,Financial Data & Stock Exchanges,85.29,4.67,20.0,-2.95,519.3,553.0,485.0,17.09,0.84,Finnhub,yfinance,,,2026-09-04,,,,,1.48,33.46,20.08,3.06,16.9,18,17,17,17,30.69,37.8,2026-09-04,4.25,0,0,12,10,15,8,1,5,51,C,56
SYK,SYK,Stryker Corporation,118.0,303.1300048828125,329.3519989013672,325.58700002034504,322.32533365885416,338.45165023803713,-10.436245570196656,403.5299987792969,-24.880428766188523,30.165363893935066,-10.59,-1.85,daily_close,일봉 종가,2026-09-05 15:03 KST,,,44.1,40.17,82.76,34.26455,5.177652,16.51,64.391,9.4,8.42,0.9,8.25 -> 7.76 -> 8.4,25116000000.0,5059000000.0,3246000000.0,20.14,12.92,5044000000.0,4283000000.0,4011000000.0,15859000000.0,-11848000000.0,1.16,36.06,3.52,,yfinance,6.25,10.0,False,10.0,yfinance dividend history,Healthcare,Medical Devices,82.35,4.32,25.0,5.21,382.72,465.0,315.0,26.26,-1.88,Finnhub,yfinance,,,2026-09-01,,,,,0.78,0.9,25.03,4.2,14.74,16,15,14,14,36.89,23.28,2026-09-04,4.25,0,0,16,16,0,10,3,5,50,C,57
LMT,LMT,Lockheed Martin Corporation,117.81,525.280029296875,572.5489990234375,548.982666015625,554.8886678059896,556.8599011230468,-5.671062283795824,676.7000122070312,-22.37623469464789,20.991541973145075,-10.66,0.05,daily_close,일봉 종가,2026-09-05 15:03 KST,,,443.8,19.77,76.51,21.087822,14.990818,89.17,234.238,10.5,10.24,-11.68,27.55 -> 22.31 -> 21.49,75048000000.0,7731000000.0,5017000000.0,10.3,6.69,8557000000.0,6908000000.0,4121000000.0,21700000000.0,-17579000000.0,2.63,50.33,13.8,,yfinance,5.4,10.0,False,10.0,yfinance dividend history,Industrials,Aerospace & Defense,46.43,3.43,19.0,7.14,632.95,756.0,503.0,20.5,10.62,Finnhub,yfinance,,,2026-09-05,,,,,0.05,-11.68,35.32,8.64,34.77,9,8,8,8,-40.29,73.5,2026-09-04,4.25,4,0,20,20,0,10,1,5,60,B,58
MDT,MDT,Medtronic plc.,101.56,94.16999816894531,91.7284999847412,85.61766637166342,83.7978333791097,89.7202498626709,4.959580822707653,105.3499984741211,-10.612245341343895,60.555895141446,8.04,17.35,daily_close,일봉 종가,2026-09-05 15:04 KST,92.74,-1.518528402623344,18.3,25.7,89.1,23.034851,2.2237175,9.84,58.214,9.9,4.4,13.14,2.82 -> 2.76 -> 3.61,36364000000.0,6828000000.0,4801000000.0,18.78,13.2,7330000000.0,5426000000.0,1949000000.0,27961000000.0,-26012000000.0,3.06,76.14,2.88,,yfinance,1.96,10.0,False,10.0,yfinance dividend history,Healthcare,Medical Devices,64.71,4.21,25.0,5.25,98.44,121.0,78.0,4.53,1.09,Finnhub,yfinance,,,2026-09-01,,,,,1.26,13.14,26.88,4.81,15.92,16,15,14,14,-14.3,-53.77,2026-09-04,4.25,4,3,6,10,8,8,3,5,47,C,59
NOW,NOW,"ServiceNow, Inc.",98.02,141.25999450683594,131.61199951171875,113.74150009155274,107.31058349609376,118.58316993713379,19.123139128195124,234.0780029296875,-39.65259753635727,68.79986926459163,13.12,33.19,daily_close,일봉 종가,2026-09-05 15:03 KST,,,-21.9,142.76,85.1,92.792206,11.804064,14.24,67.538,24.0,33.72,-0.42,1.68 -> 1.37 -> 1.67,13278000000.0,1824000000.0,1748000000.0,13.74,13.16,5444000000.0,4533000000.0,3726000000.0,2403000000.0,1323000000.0,,0.0,0.0,,yfinance,,,,,,Technology,Software - Application,90.91,4.57,46.0,1.82,142.23,248.0,72.0,0.69,4.76,Finnhub,yfinance,,,2026-09-02,,,,,,-0.42,32.79,11.06,34.82,23,21,22,22,182.99,6.73,2026-09-04,4.25,0,0,12,0,0,0,1,5,18,D,60
CMCSA,CMCSA,Comcast Corporation,80.13,26.489999771118164,26.398500061035158,24.56449998219808,25.738249905904134,26.914645662307738,-1.5777502573041984,42.3055305480957,-37.38407383639216,59.19999708765909,4.46,10.51,daily_close,일봉 종가,2026-09-05 15:03 KST,,,-66.8,11.66,91.63,8.464744,1.0434198,11.49,100.474,-1.2,-11.28,20.53,3.71 -> 4.14 -> 5.39,123707000000.0,20670000000.0,19998000000.0,16.71,16.17,33643000000.0,19235000000.0,9481000000.0,98937000000.0,-89456000000.0,4.98,42.31,1.32,,yfinance,7.04,10.0,False,10.0,yfinance dividend history,Communication Services,Telecom Services,40.0,3.39,22.0,0.0,30.08,44.0,21.0,13.55,4.17,Finnhub,yfinance,,,2026-09-02,,,,,,20.53,20.56,6.4,39.26,7,6,6,6,-58.83,-83.7,2026-09-04,4.25,12,8,12,0,12,0,3,5,52,C,61
ACN,ACN,Accenture plc,78.32,186.72000122070312,183.17499923706055,159.0789998372396,171.9890832265218,202.90054962158203,-7.974620291101379,398.25,-53.114877282937066,67.27912928378794,6.26,9.51,daily_close,일봉 종가,2026-09-05 15:04 KST,194.74,4.295200689195177,9.0,25.74,82.53,14.925659,3.5824332,24.41,25.035,5.6,8.04,6.21,10.77 -> 11.44 -> 12.15,69672977000.0,10840988000.0,7678433000.0,15.56,11.02,11474399000.0,10874360000.0,11478729000.0,8182866000.0,3295863000.0,3.49,50.88,6.52,,yfinance,3.28,10.0,True,10.0,yfinance dividend history,Technology,Information Technology Services,59.38,3.93,25.0,0.0,184.19,275.0,130.0,-1.35,2.28,Finnhub,yfinance,,,2026-09-05,,,,,1.66,6.21,36.29,11.36,34.82,23,21,22,22,-58.87,-68.46,2026-09-04,4.25,8,0,20,5,4,5,1,3,46,C,62
ADBE,ADBE,어도비,77.58,266.510009765625,274.11749801635744,240.87733205159506,243.28258298238117,267.93474983215333,-0.5317488931244836,586.5499877929688,-54.56312073785371,57.50753798157968,0.49,14.2,daily_close,일봉 종가,2026-09-05 15:04 KST,266.44,-0.026269094240239026,7.9,36.73,86.79,15.797002,9.489037,62.95,61.443,12.7,12.47,18.86,11.82 -> 12.36 -> 16.7,23769000000.0,8706000000.0,7130000000.0,36.63,30.0,10031000000.0,9852000000.0,5431000000.0,6648000000.0,-1217000000.0,,0.0,0.0,,yfinance,,,,,,Technology,Software - Application,39.13,3.27,34.0,1.35,270.61,380.0,190.0,1.54,0.51,Finnhub,yfinance,,,2026-09-05,,,,,2.0,18.86,36.29,11.36,34.25,23,21,22,22,-56.47,-16.47,2026-09-04,4.25,8,0,20,5,12,5,3,3,56,B,63
INTU,INTU,Intuit Inc.,73.03,332.70001220703125,349.51849975585935,307.83016713460285,345.24450022379557,427.2644515991211,-22.13253151254776,807.3900146484375,-58.79314752834798,48.582602580037864,2.29,17.06,daily_close,일봉 종가,2026-09-05 15:03 KST,,,-0.8,59.21,91.34,20.962103,4.911492,23.6,43.892,13.7,28.16,27.42,8.42 -> 10.43 -> 13.67,18831000000.0,4938000000.0,3869000000.0,26.22,20.55,6207000000.0,6083000000.0,2884000000.0,6639000000.0,-3755000000.0,1.66,29.16,5.52,,yfinance,15.28,10.0,False,10.0,yfinance dividend history,Technology,Software - Application,57.14,3.94,31.0,-9.53,411.7,921.0,290.0,23.75,6.75,Finnhub,yfinance,,,2026-09-03,,,,,,27.42,36.29,11.36,34.82,23,21,22,22,-42.24,-56.77,2026-09-04,4.25,4,0,20,0,15,0,5,3,47,C,64
NKE,NKE,"Nike, Inc.",66.94,38.400001525878906,39.82599983215332,41.902166557312015,43.83624979654948,51.41929990768433,-25.319867063883844,89.44000244140625,-57.066189090239085,46.30225730775126,-7.91,-12.65,daily_close,일봉 종가,2026-09-05 15:03 KST,,,428.0,25.65,82.46,18.201878,3.8677175,22.14,74.289,-1.1,2.57,-24.97,3.73 -> 2.16 -> 2.1,46398000000.0,3797000000.0,3108000000.0,8.18,6.7,2868000000.0,2184000000.0,7563000000.0,11033000000.0,-3470000000.0,4.27,77.62,1.64,,yfinance,8.66,10.0,False,10.0,yfinance dividend history,Consumer Cyclical,Footwear & Accessories,39.13,3.44,34.0,0.0,50.46,94.0,23.0,31.41,47.58,Finnhub,yfinance,,,2026-09-04,,,,,0.04,-24.97,22.53,16.36,45.9,8,7,4,4,-19.21,-76.36,2026-09-04,4.25,4,0,20,20,0,10,5,3,62,B,65
EL,EL,"Estee Lauder Companies, Inc. (T",30.68,103.86000061035156,96.62949981689454,88.00799967447917,83.67591654459635,92.26714996337891,12.564439945932962,119.61000061035156,-13.167795267644976,76.82792967431845,17.56,21.63,daily_close,일봉 종가,2026-09-05 15:03 KST,,,-45.5,65.66,95.71,,7.9115705,-5.95,232.908,4.6,-27.0,-59.39,6.55 -> 2.79 -> 1.08,14326000000.0,1141000000.0,-1133000000.0,7.96,-7.91,1272000000.0,670000000.0,2921000000.0,9467000000.0,-6546000000.0,1.35,471.43,1.4,,yfinance,-17.13,10.0,True,10.0,yfinance dividend history,Consumer Defensive,Household & Personal Products,52.78,3.64,26.0,0.0,95.85,125.0,70.0,-7.71,28.98,Finnhub,yfinance,,,2026-09-03,,,,,,-59.39,24.32,8.84,29.72,9,8,6,6,,-10.5,2026-09-04,4.25,0,0,0,0,0,0,1,5,6,D,66
ABBV,ABBV,AbbVie Inc.,0.0,256.4599914550781,257.5374984741211,250.01666641235352,230.09591636657714,228.33954948425293,12.31518676214454,265.9700012207031,-3.5755948873848933,56.6013143467135,4.24,14.01,daily_close,일봉 종가,2026-09-05 15:04 KST,260.72,1.6610811381345971,290.4,59.8,77.44,74.056335,-78.26734,,,10.2,68.92,-6.66,2.72 -> 2.39 -> 2.37,61160000000.0,20091000000.0,4226000000.0,32.85,6.91,19030000000.0,17816000000.0,5229000000.0,67496000000.0,-62267000000.0,2.7,190.4,6.92,,yfinance,5.17,10.0,False,10.0,yfinance dividend history,Healthcare,Drug Manufacturers - General,81.58,4.32,29.0,2.09,276.59,328.0,200.0,7.85,0.6,Finnhub,yfinance,,,2026-09-01,,,,,0.26,-6.66,25.03,4.45,15.34,16,15,15,15,195.87,,2026-09-04,4.25,0,0,0,20,0,10,3,0,33,D,67
BKNG,BKNG,BKNG,0.0,193.2899932861328,206.7964988708496,190.49700012207032,180.21436347961426,185.83837615966797,4.009730003270469,232.6367950439453,-16.91340432642216,38.582528614261406,-9.85,20.32,daily_close,일봉 종가,2026-09-05 15:03 KST,,,130.0,28.87,98.25,22.531702,-14.238718,,,8.1,22.86,18.76,4.7 -> 6.91 -> 6.62,26917000000.0,9282000000.0,5404000000.0,34.48,20.08,9409000000.0,9087000000.0,17203000000.0,19293000000.0,-2090000000.0,0.87,17.86,1.68,,yfinance,,2.0,False,2.0,yfinance dividend history,Consumer Cyclical,Travel Services,82.61,4.45,36.0,0.0,237.81,301.0,188.0,23.03,1.5,Finnhub,yfinance,,,2026-09-02,,,,,0.17,18.76,21.21,15.72,30.56,8,7,5,5,6.23,,2026-09-04,4.25,4,0,0,20,12,10,5,5,56,B,68
ISRG,ISRG,ISRG,0.0,366.70001220703125,381.7100006103516,385.41499888102214,417.5214157104492,463.8076995849609,-20.937058066268982,610.4500122070312,-39.9295593620749,33.569744661583854,-3.2,-11.0,daily_close,일봉 종가,2026-09-05 15:03 KST,,,26.5,72.94,89.6,43.288395,7.192528,17.42,,18.5,25.4,25.08,5.03 -> 6.42 -> 7.87,10064700000.0,2945500000.0,2856000000.0,29.27,28.38,3030500000.0,2490700000.0,3368000000.0,87000000.0,3281000000.0,,0.0,0.0,,yfinance,,,,,,Healthcare,Medical Instruments & Supplies,72.5,4.18,30.0,2.5,478.01,685.0,324.0,30.35,13.78,Finnhub,yfinance,,,2026-09-02,,,,,1.63,25.08,25.03,4.2,14.74,16,15,14,14,72.95,71.25,2026-09-04,4.25,0,0,16,5,15,8,3,5,52,C,69
BLK,BLK,BLK,0.0,1122.2900390625,1152.4104919433594,1081.273331705729,1053.715414428711,1059.2625518798827,5.950128895877781,1202.5899658203125,-6.677249024195723,42.25443324519832,-1.24,11.04,daily_close,일봉 종가,2026-09-05 15:04 KST,1121.73,-0.04990145532858939,19.6,23.39,84.47,27.703829,3.0349417,12.28,23.192,30.6,4.92,-1.66,36.51 -> 42.01 -> 35.31,24216000000.0,7909000000.0,5553000000.0,32.66,22.93,3927000000.0,3552000000.0,11468000000.0,14996000000.0,-3528000000.0,2.04,52.43,22.92,,yfinance,2.21,10.0,False,10.0,yfinance dividend history,Financial Services,Asset Management,86.96,4.47,16.0,0.0,1320.81,1488.0,1190.0,17.69,6.33,Finnhub,yfinance,,,2026-09-02,,,,,1.41,-1.66,20.08,3.16,16.9,18,17,17,17,37.97,-3.96,2026-09-04,4.25,0,0,12,10,0,8,5,0,35,D,70
TJX,TJX,TJX,0.0,132.0800018310547,142.48150177001952,152.49700037638345,154.732750193278,154.71510025024415,-14.630180494714667,168.41000366210938,-21.572353803842702,8.6381894388781,-18.15,-21.22,daily_close,일봉 종가,2026-09-05 15:04 KST,131.64,-0.33313281719780213,29.3,27.36,93.6,31.173489,16.987467,61.25,136.307,9.2,13.9,12.32,3.86 -> 4.26 -> 4.87,60372000000.0,7178000000.0,5494000000.0,11.89,9.1,6874000000.0,4917000000.0,6230000000.0,13489000000.0,-7259000000.0,1.45,33.07,1.92,,yfinance,12.95,10.0,False,10.0,yfinance dividend history,Consumer Cyclical,Apparel Retail,84.62,4.62,19.0,0.0,177.21,197.0,125.0,34.17,7.25,Finnhub,yfinance,,,2026-09-05,,,,,1.06,12.32,21.21,10.35,26.35,8,7,4,4,46.98,64.13,2026-09-04,4.25,0,0,20,10,8,8,1,5,52,C,71
VRTX,VRTX,VRTX,0.0,546.1199951171875,538.7779998779297,500.5503336588542,469.8786664326986,466.1477496337891,17.155986604295634,557.9600219726562,-2.122020644706511,65.04282554665323,10.09,25.34,daily_close,일봉 종가,2026-09-05 15:03 KST,,,8.0,27.23,98.07,32.458405,6.981395,23.54,9.767,12.5,,9.32,12.82 -> 13.89 -> 15.32,12001300000.0,4554400000.0,3953200000.0,37.95,32.94,3631400000.0,3193800000.0,5084800000.0,2030500000.0,3054300000.0,,0.0,0.0,,yfinance,,,,,,Healthcare,Biotechnology,80.56,4.33,26.0,-0.52,569.54,672.0,350.0,4.29,-0.05,Finnhub,yfinance,,,2026-09-04,,,,,4.06,9.32,25.03,4.2,14.74,16,15,14,14,29.68,66.22,2026-09-04,4.25,0,0,20,0,8,5,1,0,34,D,72
C,C,C,0.0,137.72000122070312,134.77349777221679,136.5416670481364,130.22733306884766,123.18034976959228,11.803547788512638,145.6699981689453,-5.457538990988337,48.2086322215537,2.01,3.25,daily_close,일봉 종가,2026-09-05 15:03 KST,,,61.0,11.41,82.46,14.555436,1.178511,8.53,,15.5,,31.54,4.04 -> 5.94 -> 6.99,85213000000.0,,14306000000.0,,16.79,-67632000000.0,-74152000000.0,349579000000.0,367705000000.0,-18126000000.0,1.95,25.86,2.68,,yfinance,4.38,10.0,False,10.0,yfinance dividend history,Financial Services,Banks - Diversified,78.57,4.29,20.0,0.0,154.5,176.0,129.0,12.18,11.88,Finnhub,yfinance,,,2026-09-05,,,,,0.24,31.54,20.13,3.16,16.9,18,17,17,17,-27.69,-62.71,2026-09-04,4.25,8,8,6,20,15,10,5,0,72,A,73
SCHW,SCHW,SCHW,0.0,109.29000091552734,110.04699935913087,102.8391663869222,97.24933312733968,97.43039985656738,12.172382620228527,113.6500015258789,-3.836340124781045,46.72754695958533,1.57,22.43,daily_close,일봉 종가,2026-09-05 15:03 KST,,,42.6,23.57,85.41,20.076782,4.3197103,20.27,151.106,20.9,,35.3,2.54 -> 2.99 -> 4.65,23921000000.0,,8852000000.0,,37.01,9311000000.0,8763000000.0,46030000000.0,30951000000.0,15079000000.0,1.17,21.49,1.28,,yfinance,8.74,10.0,False,10.0,yfinance dividend history,Financial Services,Capital Markets,86.21,4.27,20.0,0.5,124.95,145.0,91.0,14.33,0.93,Finnhub,yfinance,,,2026-09-01,,,,,0.47,35.3,20.13,3.06,15.8,18,17,17,17,-0.26,41.17,2026-09-04,4.25,4,0,20,20,15,10,5,0,74,A,74
DE,DE,DE,0.0,693.530029296875,634.5019958496093,614.1214986165364,593.7291676839193,568.1838992309571,22.060838090550476,698.3699951171875,-0.693037480726867,73.21792596251105,11.71,23.83,daily_close,일봉 종가,2026-09-05 15:04 KST,692.5,-0.14851978333501717,-8.5,16.62,84.65,34.47816,5.90897,18.35,376.022,-11.1,-26.35,-26.91,34.63 -> 25.62 -> 18.5,44665000000.0,8416000000.0,5027000000.0,18.84,11.25,7459000000.0,3231000000.0,8276000000.0,64250000000.0,-55974000000.0,0.93,36.71,6.48,,yfinance,12.84,10.0,False,10.0,yfinance dividend history,Industrials,Farm & Heavy Construction Machinery,61.76,3.88,23.0,0.0,646.75,812.0,500.0,-6.75,7.18,Finnhub,yfinance,,,2026-09-02,,,,,,-26.91,35.32,8.99,43.14,9,8,8,8,-2.38,-34.27,2026-09-04,4.25,0,0,16,0,0,0,1,0,17,D,75
ADP,ADP,ADP,0.0,277.6199951171875,278.35999908447263,255.0913335164388,232.9021666208903,237.04055038452148,17.11919950693627,326.80999755859375,-15.051559869305093,64.72235693455318,2.32,20.13,daily_close,일봉 종가,2026-09-05 15:03 KST,,,10.5,26.77,91.93,23.812378,15.533405,71.21,69.259,7.0,9.4,10.25,8.21 -> 9.1 -> 9.98,20560900000.0,5411900000.0,4079700000.0,26.32,19.84,4939700000.0,4392700000.0,3347800000.0,9065400000.0,-5717600000.0,2.45,60.45,6.8,,yfinance,13.09,10.0,False,10.0,yfinance dividend history,Technology,Software - Application,34.78,3.33,15.0,0.0,253.47,305.0,190.0,-8.7,0.98,Finnhub,yfinance,,,2026-09-05,,,,,2.27,10.25,36.29,11.06,34.25,23,21,22,22,-34.38,40.45,2026-09-04,4.25,4,0,20,0,8,5,3,5,45,C,76
PLTR,PLTR,PLTR,0.0,174.3300018310547,176.91999893188478,145.62583274841307,143.88387444814046,151.3718998336792,15.166686830647452,207.17999267578125,-15.855773726246797,51.25493402984142,1.35,33.88,daily_close,일봉 종가,2026-09-05 15:04 KST,174.431,0.057935047257787926,215.4,287.86,64.86,144.86508,44.869717,38.1,2.139,92.8,355.54,164.38,0.09 -> 0.19 -> 0.63,4475446000.0,1414015000.0,1625033000.0,31.59,36.31,2134473000.0,2100591000.0,1423796000.0,229338000.0,1194458000.0,,0.0,0.0,,yfinance,,,,,,Technology,Software - Infrastructure,71.79,4.19,27.0,2.56,191.68,255.0,80.0,9.95,15.06,Finnhub,yfinance,,,2026-09-04,,,,,0.67,164.38,32.79,11.06,34.25,23,21,22,22,341.8,305.69,2026-09-04,4.25,0,0,20,20,15,10,5,5,75,A,77
MDLZ,MDLZ,MDLZ,0.0,61.279998779296875,62.728499794006346,61.51266670227051,60.52758344014486,59.10150012969971,3.686029364426279,75.70999908447266,-19.05957004315329,44.15583185102432,-2.12,-4.52,daily_close,일봉 종가,2026-09-05 15:03 KST,,,144.9,23.6,89.62,22.868132,3.0010095,13.34,82.643,4.1,-45.69,-27.74,3.62 -> 3.42 -> 1.89,38537000000.0,3620000000.0,2451000000.0,9.39,6.36,4514000000.0,3235000000.0,2125000000.0,21804000000.0,-19679000000.0,3.39,73.26,2.08,,yfinance,9.69,10.0,False,10.0,yfinance dividend history,Consumer Defensive,Confectioners,63.64,4.04,23.0,1.88,69.13,77.0,55.0,12.81,3.7,Finnhub,yfinance,,,2026-09-02,,,,,0.16,-27.74,25.77,8.84,29.72,9,7,6,6,-11.26,-66.05,2026-09-04,4.25,4,0,12,20,0,10,5,5,56,B,78
ADI,ADI,ADI,0.0,362.25,372.58849945068357,384.5750005086263,380.6047508239746,348.298051071167,4.005749927662458,445.4800109863281,-18.68322010723899,26.769454112494316,-7.1,-7.75,daily_close,일봉 종가,2026-09-05 15:03 KST,,,163.5,41.41,93.74,44.415478,5.402404,12.23,27.314,39.6,45.04,-16.56,6.55 -> 3.28 -> 4.56,11019707000.0,3002476000.0,2267342000.0,27.25,20.58,4812202000.0,4278650000.0,2499406000.0,8664610000.0,-6165204000.0,1.21,49.64,4.4,,yfinance,9.21,10.0,False,10.0,yfinance dividend history,Technology,Semiconductors,86.49,4.55,30.0,2.28,466.0,550.0,365.0,28.64,3.47,Finnhub,yfinance,,,2026-09-01,,,,,0.27,-16.56,32.79,11.36,34.82,23,21,22,22,35.45,-52.44,2026-09-04,4.25,0,0,12,20,0,10,3,5,50,C,79
LRCX,LRCX,LRCX,0.0,307.6499938964844,312.76300048828125,331.70816599527996,301.22799898783364,260.89524925231933,17.92088770422461,433.3299865722656,-29.00329923390193,33.38229490639449,-1.19,-4.4,daily_close,일봉 종가,2026-09-05 15:04 KST,307.25,-0.13001589612218936,34.8,38.34,88.84,54.319443,31.391592,65.07,33.049,30.0,38.96,40.93,2.9 -> 4.15 -> 5.76,23232690000.0,8199795000.0,7265396000.0,35.29,31.27,5857657000.0,4891252000.0,5579171000.0,3734563000.0,1844608000.0,0.34,18.06,1.04,,yfinance,14.96,10.0,False,10.0,yfinance dividend history,Technology,Semiconductor Equipment & Materials,85.37,4.54,31.0,2.44,371.19,500.0,290.0,20.65,4.6,Finnhub,yfinance,,,2026-09-01,,,,,1.56,40.93,32.79,11.06,34.25,23,21,22,22,65.66,183.83,2026-09-04,4.25,0,0,20,5,15,10,3,5,58,B,80
CB,CB,CB,0.0,341.5899963378906,342.76549835205077,344.7191660563151,334.73724975585935,326.34800064086915,4.6704731351471,363.5,-6.027511323826513,50.801328955706175,-2.49,3.33,daily_close,일봉 종가,2026-09-05 15:03 KST,,,-0.7,12.8,85.01,12.343838,1.803735,14.82,30.941,6.1,,8.53,21.8 -> 22.51 -> 25.68,59783000000.0,,10310000000.0,,17.25,12816000000.0,12816000000.0,2272000000.0,17227000000.0,-14955000000.0,1.19,13.93,4.08,,yfinance,-17.02,10.0,True,10.0,yfinance dividend history,Financial Services,Insurance - Property & Casualty,51.43,3.52,23.0,-2.86,365.26,425.0,306.0,6.93,7.69,Finnhub,yfinance,,,2026-09-05,,,,,,8.53,20.13,3.16,16.9,18,17,17,17,-38.68,-42.92,2026-09-04,4.25,8,3,12,0,8,0,5,0,36,D,81
MRSH,MRSH,마쉬,0.0,185.74000549316406,189.6400001525879,181.5916659037272,175.09574979146322,177.93964950561522,4.383708751377913,244.27000427246094,-23.961189567103784,52.89443660324663,-3.08,11.12,daily_close,일봉 종가,2026-09-05 15:04 KST,185.74,-2.9574479869428142e-06,7.3,24.18,94.23,22.879416,5.912682,25.9,145.027,6.2,6.98,5.81,7.53 -> 8.18 -> 8.43,26981000000.0,6223000000.0,4160000000.0,23.06,15.42,5292000000.0,5001000000.0,2687000000.0,21449000000.0,-18762000000.0,2.13,43.96,3.96,,yfinance,15.09,10.0,False,10.0,yfinance dividend history,Financial Services,Insurance Brokers,38.71,3.48,21.0,0.0,207.1,238.0,182.0,11.5,1.8,Finnhub,yfinance,,,2026-09-03,,,,,3.13,5.81,20.08,3.06,15.8,18,17,17,17,13.94,93.22,2026-09-04,4.25,4,0,20,0,4,5,5,5,43,C,82
GILD,GILD,GILD,0.0,151.0,144.3474998474121,134.6888334910075,134.52674986521404,134.3613499069214,12.383509174777574,155.8000030517578,-3.080874812411409,70.6990848059858,13.35,24.3,daily_close,일봉 종가,2026-09-05 15:03 KST,,,1684.21,72.38,92.31,17.731707,15.728074,-20.68,223.465,10.2,10.43,22.75,4.5 -> 0.38 -> 6.78,29442000000.0,11701000000.0,8510000000.0,39.74,28.9,10019000000.0,9456000000.0,7564000000.0,24936000000.0,-17372000000.0,2.17,43.4,3.28,,yfinance,2.67,10.0,False,10.0,yfinance dividend history,Healthcare,Drug Manufacturers - General,81.08,4.25,27.0,0.0,157.41,180.0,123.0,4.25,6.73,Finnhub,yfinance,,,2026-09-02,,,,,0.01,22.75,26.88,4.2,15.92,16,15,14,14,-34.03,274.48,2026-09-04,4.25,8,0,0,20,12,10,1,0,51,C,83
PANW,PANW,PANW,0.0,333.260009765625,363.7830017089844,338.5730000813802,270.35774993896484,233.0670001220703,42.98893004632915,396.0,-15.843431877367426,37.98348972052278,-8.41,26.61,daily_close,일봉 종가,2026-09-05 15:04 KST,333.5746,0.09439783507064657,-56.04,116.13,85.21,326.74783,11.041372,4.83,7.698,31.1,81.74,58.11,0.64 -> 3.64 -> 1.6,9221500000.0,1242900000.0,1133900000.0,13.48,12.3,3716000000.0,3469800000.0,2268600000.0,338200000.0,1930400000.0,,0.0,0.0,,yfinance,,,,,,Technology,Software - Infrastructure,79.37,4.36,50.0,0.0,347.17,434.0,203.0,4.17,4.94,Finnhub,yfinance,,,2026-09-02,,,,,,58.11,32.79,11.36,34.82,23,21,22,22,896.49,-2.8,2026-09-04,4.25,0,0,0,0,15,0,5,5,25,D,84
AMT,AMT,AMT,0.0,175.85000610351562,174.53750076293946,172.64466654459636,176.0778335571289,177.64675033569335,-1.0114140724682439,242.8300018310547,-27.583080847703233,57.702144700663695,1.92,-8.65,daily_close,일봉 종가,2026-09-05 15:03 KST,,,138.5,45.04,96.89,24.148352,22.021797,33.91,438.721,4.7,7.09,30.31,3.18 -> 4.82 -> 5.4,10644600000.0,4929200000.0,2529500000.0,46.31,23.76,5464000000.0,3783600000.0,1474800000.0,44963900000.0,-43489100000.0,3.97,96.01,6.98,,yfinance,5.08,10.0,False,10.0,yfinance dividend history,Real Estate,REIT - Specialty,82.76,4.44,23.0,3.45,215.7,260.0,188.0,22.66,14.74,Finnhub,yfinance,,,2026-09-01,,,,,0.17,30.31,,,,2,1,1,1,,,2026-09-04,4.25,4,0,20,20,15,10,3,5,77,A,85
KLAC,KLAC,KLAC,0.0,185.60000610351562,187.87050018310546,213.14556706746419,195.01308352152506,171.51618507385254,8.211365605874912,301.7099914550781,-38.48397091246155,31.36784489486803,-6.31,-13.09,daily_close,일봉 종가,2026-09-05 15:03 KST,,,13.8,42.81,93.82,48.068493,36.115685,87.5,96.88,15.2,12.89,34.27,2.03 -> 3.04 -> 3.66,13579476000.0,5660780000.0,4830771000.0,41.69,35.57,4143079000.0,3767134000.0,1649842000.0,6151713000.0,-4501871000.0,0.5,21.86,0.92,,yfinance,16.34,10.0,False,10.0,yfinance dividend history,Technology,Semiconductor Equipment & Materials,65.71,4.14,26.0,0.0,234.35,325.0,175.0,26.27,0.76,Finnhub,yfinance,,,2026-09-01,,,,,3.48,34.27,32.79,11.06,34.25,23,21,22,22,46.59,226.54,2026-09-04,4.25,0,0,20,0,15,5,3,5,48,C,86
SO,SO,SO,0.0,88.11000061035156,90.3349998474121,93.50600001017253,93.90066668192546,92.40495002746582,-4.647964655397413,99.72000122070312,-11.642599747523048,24.7584252420521,-4.94,-6.29,daily_close,일봉 종가,2026-09-05 15:03 KST,,,30.4,19.55,74.17,21.710842,2.6193383,11.48,182.058,0.1,3.07,4.06,3.62 -> 3.99 -> 3.92,29553000000.0,7285000000.0,4341000000.0,24.65,14.69,9802000000.0,-2935000000.0,1639000000.0,74075000000.0,-72436000000.0,3.45,71.81,3.04,,yfinance,2.88,10.0,False,10.0,yfinance dividend history,Utilities,Utilities - Regulated Electric,42.42,3.35,19.0,0.0,100.29,114.0,79.0,13.82,2.92,Finnhub,yfinance,,,2026-09-04,,,,,0.71,4.06,,,,3,2,2,2,,,2026-09-04,4.25,4,3,12,16,4,10,1,5,55,B,87
MO,MO,MO,0.0,68.87999725341797,67.09499969482422,69.98366661071778,69.31075019836426,66.38665021896362,3.7557958207418487,74.91999816894531,-8.061934147284793,70.43184560693297,0.78,-5.81,daily_close,일봉 종가,2026-09-05 15:04 KST,69.0,0.17422002230999867,-2.7,9.83,63.63,14.385263,-35.55151,,,1.2,3.48,-5.05,4.57 -> 6.54 -> 4.12,20139000000.0,12035000000.0,6947000000.0,59.76,34.5,9290000000.0,9074000000.0,4474000000.0,25709000000.0,-21235000000.0,6.16,89.26,4.24,,yfinance,4.17,10.0,False,10.0,yfinance dividend history,Consumer Defensive,Tobacco,52.17,3.36,11.0,0.0,70.64,82.0,59.0,2.56,-2.05,Finnhub,yfinance,,,2026-09-05,,,,,,-5.05,25.77,8.64,29.15,9,7,7,7,-44.18,,2026-09-04,4.25,8,0,0,0,0,0,1,0,9,D,88
DUK,DUK,DUK,0.0,120.22000122070312,121.9504997253418,124.78966674804687,125.83158353169759,124.27115028381348,-3.259927226760391,133.4600067138672,-9.920579070215465,35.99999741486849,-3.71,-3.85,daily_close,일봉 종가,2026-09-05 15:04 KST,121.14,0.7652626600859178,10.6,21.89,71.11,18.042898,1.7690657,9.86,162.155,1.1,8.05,33.51,3.54 -> 5.71 -> 6.31,32237000000.0,8577000000.0,4968000000.0,26.61,15.41,12330000000.0,-1694000000.0,245000000.0,90869000000.0,-90624000000.0,3.61,64.16,4.34,,yfinance,1.97,10.0,False,10.0,yfinance dividend history,Utilities,Utilities - Regulated Electric,53.57,3.91,18.0,3.57,137.28,147.0,129.0,14.19,3.29,Finnhub,yfinance,,,2026-09-04,,,,,1.7,33.51,,,,3,2,2,2,,,2026-09-04,4.25,4,6,6,5,15,5,5,0,46,C,89
BSX,BSX,BSX,0.0,47.79999923706055,49.514499473571775,46.681333223978676,52.79058329264323,66.76220001220703,-28.402600231387474,108.13999938964844,-55.79804003435556,38.62068137416731,-3.06,-1.12,daily_close,일봉 종가,2026-09-05 15:04 KST,47.19,-1.2761490518761376,15.1,69.37,94.92,19.544716,2.7901578,15.34,50.151,7.5,32.28,34.65,1.07 -> 1.25 -> 1.94,20074000000.0,3971000000.0,2898000000.0,19.78,14.44,4534000000.0,3404000000.0,1965000000.0,11436000000.0,-9471000000.0,,0.0,0.0,,yfinance,,,,,,Healthcare,Medical Devices,78.95,4.42,29.0,0.0,62.69,94.0,44.0,31.15,2.33,Finnhub,yfinance,,,2026-09-02,,,,,1.29,34.65,26.88,4.81,15.33,16,15,14,14,-27.29,-41.99,2026-09-04,4.25,4,3,16,10,15,8,5,3,64,B,90
CI,CI,CI,0.0,282.5199890136719,279.0690002441406,284.0349985758464,281.36224873860675,279.57649963378907,1.0528386269011936,366.8500061035156,-22.987601386613576,59.57389224396993,0.01,-4.49,daily_close,일봉 종가,2026-09-05 15:03 KST,,,10.2,16.48,92.16,11.693628,1.7711588,16.76,74.29,6.7,-3.43,12.94,17.39 -> 12.12 -> 22.18,273854000000.0,8154000000.0,5957000000.0,2.98,2.18,9601000000.0,8389000000.0,7676000000.0,31463000000.0,-23787000000.0,2.21,25.39,6.24,,yfinance,10.47,9.0,False,9.0,yfinance dividend history,Healthcare,Healthcare Plans,76.47,4.33,24.0,-2.94,341.42,400.0,290.0,20.85,-0.56,Finnhub,yfinance,,,2026-09-04,,,,,1.15,12.94,26.88,4.81,14.74,16,15,14,14,-56.5,-63.18,2026-09-04,4.25,12,6,16,10,8,5,3,5,65,B,91
ZTS,ZTS,ZTS,0.0,75.80999755859375,75.83349914550782,76.06283276875814,88.97824980417887,103.03830013275146,-26.4254190326098,196.47999572753906,-61.41592059900067,58.942042566894465,4.34,-6.74,daily_close,일봉 종가,2026-09-05 15:04 KST,75.5,-0.4089138221567044,1.2,29.49,100.23,12.425082,9.41319,64.91,293.996,-0.2,6.04,8.97,5.07 -> 5.47 -> 6.02,9467000000.0,3597000000.0,2673000000.0,38.0,28.23,2904000000.0,2283000000.0,2310000000.0,9238000000.0,-6928000000.0,2.8,33.61,2.12,,yfinance,15.44,10.0,False,10.0,yfinance dividend history,Healthcare,Drug Manufacturers - Specialty & Generic,50.0,3.78,15.0,-4.17,96.0,155.0,80.0,26.63,0.48,Finnhub,yfinance,,,2026-09-04,,,,,10.35,8.97,26.88,4.2,14.74,16,15,14,14,-53.78,124.12,2026-09-04,4.25,8,0,20,0,8,2,3,1,42,C,92
ICE,ICE,ICE,0.0,161.25999450683594,158.24700012207032,145.7553332010905,150.48583386739094,155.22775047302247,3.8860603309856203,188.4499969482422,-14.428231828984314,63.187854545195215,7.29,14.91,daily_close,일봉 종가,2026-09-05 15:03 KST,,,14.2,31.44,96.64,22.744709,3.0613563,14.09,69.226,4.8,13.28,17.35,4.19 -> 4.78 -> 5.77,12640000000.0,4999000000.0,3315000000.0,39.55,26.23,4662000000.0,3871000000.0,837000000.0,20279000000.0,-19442000000.0,1.29,28.21,2.08,,yfinance,8.1,10.0,False,10.0,yfinance dividend history,Financial Services,Financial Data & Stock Exchanges,90.0,4.53,14.0,0.53,186.71,232.0,163.0,15.78,2.97,Finnhub,yfinance,,,2026-09-05,,,,,1.6,17.35,20.08,3.16,16.9,18,17,17,17,13.27,-3.12,2026-09-04,4.25,4,0,12,5,12,5,3,5,46,C,93
CME,CME,CME,0.0,281.2900085449219,274.58150177001954,257.0765014648438,272.838250096639,278.78894981384275,0.8971154462001353,326.4599914550781,-13.836299728131241,64.61739279458004,6.69,6.63,daily_close,일봉 종가,2026-09-05 15:03 KST,,,2.5,21.98,92.19,22.269133,3.587027,15.8,14.587,0.8,7.58,12.23,8.86 -> 9.67 -> 11.16,6520600000.0,4229500000.0,4072200000.0,64.86,62.45,4277100000.0,4193600000.0,4416900000.0,3422300000.0,994600000.0,1.85,95.42,5.2,,yfinance,7.72,10.0,False,10.0,yfinance dividend history,Financial Services,Financial Data & Stock Exchanges,57.14,3.56,15.0,0.0,283.93,330.0,230.0,0.94,0.33,Finnhub,yfinance,,,2026-09-05,,,,,8.91,12.23,20.08,3.06,16.9,18,17,17,17,10.9,17.22,2026-09-04,4.25,4,0,16,0,8,2,3,5,38,D,94
EQIX,EQIX,EQIX,0.0,1035.97998046875,1061.403985595703,1052.2889973958333,1050.712330118815,961.1050985717774,7.790498875537992,1115.93994140625,-7.165256656799879,31.79964916495466,-0.64,-0.23,daily_close,일봉 종가,2026-09-05 15:04 KST,1033.92,-0.1988436560152299,28.8,78.72,100.94,67.381294,7.165419,10.73,162.217,16.7,21.06,15.53,10.31 -> 8.5 -> 13.76,9217000000.0,1966000000.0,1350000000.0,21.33,14.65,3911000000.0,-400000000.0,1727000000.0,22726000000.0,-20999000000.0,1.99,126.77,20.64,,yfinance,14.8,10.0,False,10.0,yfinance dividend history,Real Estate,REIT - Specialty,82.5,4.47,29.0,3.01,1234.55,1400.0,1060.0,19.17,-3.14,Finnhub,yfinance,,,2026-09-03,,,,,2.34,15.53,,,,2,1,1,1,,,2026-09-04,4.25,0,0,12,0,12,8,3,0,35,D,95
SHW,SHW,SHW,0.0,333.7099914550781,347.61000061035156,339.56400095621746,328.25916646321616,334.1613496398926,-0.13507193016214197,399.7099914550781,-16.511971532094535,33.11175236064864,-9.74,9.81,daily_close,일봉 종가,2026-09-05 15:04 KST,332.39,-0.3955504746269568,14.3,31.24,85.26,32.164207,21.828085,65.12,389.958,7.5,0.93,5.32,9.25 -> 10.55 -> 10.26,23574300000.0,3796700000.0,2568500000.0,16.11,10.9,3451600000.0,2654000000.0,207200000.0,12942600000.0,-12735400000.0,0.96,29.34,3.2,,yfinance,9.6,10.0,False,10.0,yfinance dividend history,Basic Materials,Specialty Chemicals,55.17,4.04,22.0,-1.5,391.0,420.0,340.0,17.17,3.15,Finnhub,yfinance,,,2026-09-01,,,,,2.25,5.32,,,,2,1,1,1,,,2026-09-04,4.25,0,0,20,0,4,5,3,5,37,D,96
MCO,MCO,MCO,0.0,493.54998779296875,495.9050003051758,482.67650146484374,464.36475067138673,473.06220001220703,4.330886674148357,539.6099853515625,-8.535794149284524,58.28610631111231,3.31,9.51,daily_close,일봉 종가,2026-09-05 15:04 KST,493.53,-0.004049801127168022,56.7,39.41,79.11,31.958174,28.871588,76.93,240.682,15.1,16.29,25.13,8.73 -> 11.26 -> 13.67,7718000000.0,3462000000.0,2459000000.0,44.86,31.86,2901000000.0,2575000000.0,2384000000.0,7351000000.0,-4967000000.0,0.8,27.62,3.94,,yfinance,10.33,10.0,False,10.0,yfinance dividend history,Financial Services,Financial Data & Stock Exchanges,70.97,4.25,21.0,0.0,560.48,610.0,505.0,13.56,5.49,Finnhub,yfinance,,,2026-09-04,,,,,0.56,25.13,20.08,3.06,15.8,18,17,17,17,59.15,843.52,2026-09-04,4.25,0,0,20,20,15,10,3,0,68,B,97
PH,PH,PH,0.0,962.5900268554688,1015.5540008544922,983.0683359781901,944.5451670328777,936.0894491577149,2.830987756736163,1073.8699951171875,-10.362517694665188,27.226859494038067,-10.36,9.93,daily_close,일봉 종가,2026-09-05 15:03 KST,,,19.3,23.7,90.62,35.585083,8.319703,25.08,56.66,9.8,14.36,30.03,16.04 -> 21.84 -> 27.12,21499000000.0,4634000000.0,3648000000.0,21.55,16.97,4364000000.0,3905000000.0,501000000.0,8520000000.0,-8019000000.0,0.83,25.98,8.0,,yfinance,11.88,10.0,False,10.0,yfinance dividend history,Industrials,Specialty Industrial Machinery,79.41,4.32,23.0,0.0,1160.95,1358.0,680.0,20.61,4.88,Finnhub,yfinance,,,2026-09-05,,,,,1.84,30.03,34.77,8.99,43.14,9,8,8,8,2.34,-7.46,2026-09-04,4.25,0,0,20,5,15,8,3,5,56,B,98
REGN,REGN,REGN,0.0,827.719970703125,817.7524963378906,717.3066650390625,711.8709996541342,732.1727990722657,13.04981170454938,1164.4599609375,-28.918125270985495,55.77584965198563,5.53,37.57,daily_close,일봉 종가,2026-09-05 15:03 KST,,,-4.5,20.36,93.55,20.376453,2.6061099,14.04,8.535,16.7,-7.23,9.22,34.77 -> 38.34 -> 41.48,14342900000.0,3702000000.0,4504900000.0,25.81,31.41,4978900000.0,3765200000.0,3118100000.0,2705900000.0,412200000.0,0.45,9.01,3.76,,yfinance,,1.0,,1.0,yfinance dividend history,Healthcare,Biotechnology,68.42,4.11,27.0,-1.85,840.43,1030.0,730.0,1.54,16.75,Finnhub,yfinance,,,2026-09-02,,,,,,9.22,26.88,4.81,15.92,16,15,14,14,-24.19,-45.82,2026-09-04,4.25,4,3,12,0,8,0,3,5,35,D,99
WM,WM,WM,0.0,218.99000549316406,222.79400253295898,226.65700073242186,225.48249994913738,225.21564987182617,-2.764303627303531,246.50999450683594,-11.163843100450324,39.383737204206525,-3.82,-2.36,daily_close,일봉 종가,2026-09-05 15:03 KST,,,8.3,29.9,88.3,59.10818,9.027604,29.84,235.301,4.0,11.04,8.8,5.66 -> 6.81 -> 6.7,25204000000.0,4607000000.0,2708000000.0,18.28,10.74,6043000000.0,2816000000.0,201000000.0,22907000000.0,-22706000000.0,1.62,93.22,3.54,,yfinance,8.27,10.0,False,10.0,yfinance dividend history,Industrials,Waste Management,71.79,4.25,25.0,0.0,259.92,277.0,220.0,18.69,-2.08,Finnhub,yfinance,,,2026-09-02,,,,,7.12,8.8,34.77,8.64,43.14,9,8,8,8,70.0,4.49,2026-09-04,4.25,0,0,20,0,8,5,5,5,43,C,100
